SYSTEM,33,ALA,sidechain,SYSTEM,26,ALA,sidechain,98.86666666666667
SYSTEM,103,ALA,sidechain,SYSTEM,101,ALA,sidechain,0.044444444444444446
SYSTEM,159,ALA,sidechain,SYSTEM,11,ALA,sidechain,99.93333333333332
SYSTEM,2,VAL,sidechain,SYSTEM,26,ALA,sidechain,1.4444444444444444
SYSTEM,29,VAL,sidechain,SYSTEM,33,ALA,sidechain,0.8666666666666666
SYSTEM,127,VAL,sidechain,SYSTEM,103,ALA,sidechain,1.7666666666666668
SYSTEM,127,VAL,sidechain,SYSTEM,29,VAL,sidechain,2.166666666666667
SYSTEM,132,VAL,sidechain,SYSTEM,20,VAL,sidechain,6.377777777777778
SYSTEM,139,VAL,sidechain,SYSTEM,20,VAL,sidechain,7.8
SYSTEM,139,VAL,sidechain,SYSTEM,132,VAL,sidechain,6.466666666666667
SYSTEM,17,LEU,sidechain,SYSTEM,141,ALA,sidechain,49.53333333333333
SYSTEM,17,LEU,sidechain,SYSTEM,12,VAL,sidechain,35.84444444444445
SYSTEM,24,LEU,sidechain,SYSTEM,26,ALA,sidechain,1.511111111111111
SYSTEM,24,LEU,sidechain,SYSTEM,33,ALA,sidechain,89.18888888888888
SYSTEM,24,LEU,sidechain,SYSTEM,6,VAL,sidechain,48.27777777777777
SYSTEM,39,LEU,sidechain,SYSTEM,38,ALA,sidechain,0.9222222222222222
SYSTEM,90,LEU,sidechain,SYSTEM,29,VAL,sidechain,0.2
SYSTEM,90,LEU,sidechain,SYSTEM,128,VAL,sidechain,20.144444444444446
SYSTEM,10,ILE,sidechain,SYSTEM,20,VAL,sidechain,0.13333333333333333
SYSTEM,10,ILE,sidechain,SYSTEM,17,LEU,sidechain,0.2555555555555556
SYSTEM,78,ILE,sidechain,SYSTEM,38,ALA,sidechain,78.93333333333334
SYSTEM,78,ILE,sidechain,SYSTEM,39,LEU,sidechain,1.911111111111111
SYSTEM,89,ILE,sidechain,SYSTEM,29,VAL,sidechain,0.03333333333333333
SYSTEM,89,ILE,sidechain,SYSTEM,90,LEU,sidechain,4.133333333333333
SYSTEM,97,ILE,sidechain,SYSTEM,128,VAL,sidechain,62.11111111111111
SYSTEM,114,ILE,sidechain,SYSTEM,139,VAL,sidechain,34.36666666666667
SYSTEM,114,ILE,sidechain,SYSTEM,98,LEU,sidechain,1.1444444444444444
SYSTEM,138,ILE,sidechain,SYSTEM,141,ALA,sidechain,7.633333333333334
SYSTEM,138,ILE,sidechain,SYSTEM,20,VAL,sidechain,4.166666666666666
SYSTEM,138,ILE,sidechain,SYSTEM,17,LEU,sidechain,16.644444444444446
SYSTEM,138,ILE,sidechain,SYSTEM,10,ILE,sidechain,0.022222222222222223
SYSTEM,156,ILE,sidechain,SYSTEM,12,VAL,sidechain,57.31111111111111
SYSTEM,156,ILE,sidechain,SYSTEM,10,ILE,sidechain,0.022222222222222223
SYSTEM,156,ILE,sidechain,SYSTEM,56,ILE,sidechain,0.03333333333333333
SYSTEM,158,ILE,sidechain,SYSTEM,10,ILE,sidechain,0.14444444444444443
SYSTEM,7,PHE,sidechain,SYSTEM,164,LEU,sidechain,11.288888888888888
SYSTEM,8,PHE,sidechain,SYSTEM,6,VAL,sidechain,0.011111111111111112
SYSTEM,8,PHE,sidechain,SYSTEM,158,ILE,sidechain,84.96666666666667
SYSTEM,22,PHE,sidechain,SYSTEM,20,VAL,sidechain,18.344444444444445
SYSTEM,22,PHE,sidechain,SYSTEM,132,VAL,sidechain,21.53333333333333
SYSTEM,22,PHE,sidechain,SYSTEM,98,LEU,sidechain,77.73333333333333
SYSTEM,22,PHE,sidechain,SYSTEM,8,PHE,sidechain,2.8000000000000003
SYSTEM,25,PHE,sidechain,SYSTEM,90,LEU,sidechain,20.955555555555556
SYSTEM,36,PHE,sidechain,SYSTEM,6,VAL,sidechain,0.5444444444444444
SYSTEM,36,PHE,sidechain,SYSTEM,24,LEU,sidechain,0.5888888888888889
SYSTEM,36,PHE,sidechain,SYSTEM,98,LEU,sidechain,6.222222222222222
SYSTEM,46,PHE,sidechain,SYSTEM,39,LEU,sidechain,0.08888888888888889
SYSTEM,46,PHE,sidechain,SYSTEM,78,ILE,sidechain,0.044444444444444446
SYSTEM,53,PHE,sidechain,SYSTEM,56,ILE,sidechain,0.011111111111111112
SYSTEM,53,PHE,sidechain,SYSTEM,156,ILE,sidechain,3.7555555555555555
SYSTEM,60,PHE,sidechain,SYSTEM,117,ALA,sidechain,0.15555555555555556
SYSTEM,60,PHE,sidechain,SYSTEM,57,ILE,sidechain,18.066666666666666
SYSTEM,67,PHE,sidechain,SYSTEM,46,PHE,sidechain,0.011111111111111112
SYSTEM,83,PHE,sidechain,SYSTEM,103,ALA,sidechain,4.544444444444444
SYSTEM,83,PHE,sidechain,SYSTEM,127,VAL,sidechain,7.711111111111111
SYSTEM,88,PHE,sidechain,SYSTEM,103,ALA,sidechain,0.011111111111111112
SYSTEM,88,PHE,sidechain,SYSTEM,127,VAL,sidechain,23.72222222222222
SYSTEM,112,PHE,sidechain,SYSTEM,36,PHE,sidechain,0.1111111111111111
SYSTEM,113,PHE,sidechain,SYSTEM,101,ALA,sidechain,66.92222222222223
SYSTEM,113,PHE,sidechain,SYSTEM,122,LEU,sidechain,0.14444444444444443
SYSTEM,129,PHE,sidechain,SYSTEM,33,ALA,sidechain,6.344444444444444
SYSTEM,129,PHE,sidechain,SYSTEM,24,LEU,sidechain,0.011111111111111112
SYSTEM,129,PHE,sidechain,SYSTEM,98,LEU,sidechain,82.06666666666666
SYSTEM,129,PHE,sidechain,SYSTEM,36,PHE,sidechain,1.1888888888888889
SYSTEM,145,PHE,sidechain,SYSTEM,141,ALA,sidechain,0.35555555555555557
SYSTEM,145,PHE,sidechain,SYSTEM,12,VAL,sidechain,46.44444444444444
SYSTEM,145,PHE,sidechain,SYSTEM,156,ILE,sidechain,18.41111111111111
SYSTEM,4,PRO,sidechain,SYSTEM,26,ALA,sidechain,87.02222222222223
SYSTEM,4,PRO,sidechain,SYSTEM,33,ALA,sidechain,0.1
SYSTEM,4,PRO,sidechain,SYSTEM,2,VAL,sidechain,0.3
SYSTEM,4,PRO,sidechain,SYSTEM,24,LEU,sidechain,32.37777777777778
SYSTEM,16,PRO,sidechain,SYSTEM,11,ALA,sidechain,31.033333333333335
SYSTEM,16,PRO,sidechain,SYSTEM,159,ALA,sidechain,0.47777777777777775
SYSTEM,30,PRO,sidechain,SYSTEM,26,ALA,sidechain,0.1
SYSTEM,95,PRO,sidechain,SYSTEM,117,ALA,sidechain,0.5555555555555556
SYSTEM,105,PRO,sidechain,SYSTEM,88,PHE,sidechain,0.011111111111111112
SYSTEM,121,TRP,sidechain,SYSTEM,122,LEU,sidechain,5.055555555555555
SYSTEM,121,TRP,sidechain,SYSTEM,60,PHE,sidechain,0.21111111111111108
SYSTEM,61,MET,sidechain,SYSTEM,122,LEU,sidechain,0.011111111111111112
SYSTEM,61,MET,sidechain,SYSTEM,57,ILE,sidechain,16.555555555555557
SYSTEM,61,MET,sidechain,SYSTEM,60,PHE,sidechain,83.02222222222223
SYSTEM,61,MET,sidechain,SYSTEM,113,PHE,sidechain,89.82222222222222
SYSTEM,100,MET,sidechain,SYSTEM,101,ALA,sidechain,0.12222222222222222
SYSTEM,100,MET,sidechain,SYSTEM,103,ALA,sidechain,0.6666666666666667
SYSTEM,100,MET,sidechain,SYSTEM,127,VAL,sidechain,3.7555555555555555
SYSTEM,100,MET,sidechain,SYSTEM,83,PHE,sidechain,0.2555555555555556
SYSTEM,100,MET,sidechain,SYSTEM,129,PHE,sidechain,12.966666666666669
SYSTEM,136,MET,sidechain,SYSTEM,132,VAL,sidechain,77.47777777777777
SYSTEM,136,MET,sidechain,SYSTEM,139,VAL,sidechain,63.800000000000004
SYSTEM,136,MET,sidechain,SYSTEM,95,PRO,sidechain,0.1
SYSTEM,142,MET,sidechain,SYSTEM,139,VAL,sidechain,35.5
SYSTEM,142,MET,sidechain,SYSTEM,10,ILE,sidechain,26.644444444444442
SYSTEM,142,MET,sidechain,SYSTEM,56,ILE,sidechain,0.4
SYSTEM,142,MET,sidechain,SYSTEM,114,ILE,sidechain,0.03333333333333333
SYSTEM,142,MET,sidechain,SYSTEM,156,ILE,sidechain,28.544444444444444
SYSTEM,142,MET,sidechain,SYSTEM,53,PHE,sidechain,36.27777777777778
