SYSTEM,33,ALA,sidechain,SYSTEM,26,ALA,sidechain,99.91111111111111
SYSTEM,103,ALA,sidechain,SYSTEM,101,ALA,sidechain,0.05555555555555555
SYSTEM,159,ALA,sidechain,SYSTEM,11,ALA,sidechain,100.0
SYSTEM,37,ARG,sidechain,SYSTEM,38,ALA,sidechain,99.53333333333333
SYSTEM,144,ARG,sidechain,SYSTEM,141,ALA,sidechain,73.83333333333333
SYSTEM,148,ARG,sidechain,SYSTEM,55,ARG,sidechain,0.13333333333333333
SYSTEM,3,ASN,sidechain,SYSTEM,26,ALA,sidechain,8.322222222222223
SYSTEM,35,ASN,sidechain,SYSTEM,38,ALA,sidechain,0.05555555555555555
SYSTEM,71,ASN,sidechain,SYSTEM,55,ARG,sidechain,0.12222222222222222
SYSTEM,71,ASN,sidechain,SYSTEM,69,ARG,sidechain,13.255555555555556
SYSTEM,102,ASN,sidechain,SYSTEM,101,ALA,sidechain,32.75555555555555
SYSTEM,102,ASN,sidechain,SYSTEM,103,ALA,sidechain,0.022222222222222223
SYSTEM,106,ASN,sidechain,SYSTEM,102,ASN,sidechain,0.24444444444444444
SYSTEM,108,ASN,sidechain,SYSTEM,103,ALA,sidechain,0.7777777777777778
SYSTEM,108,ASN,sidechain,SYSTEM,35,ASN,sidechain,0.2777777777777778
SYSTEM,108,ASN,sidechain,SYSTEM,102,ASN,sidechain,42.855555555555554
SYSTEM,108,ASN,sidechain,SYSTEM,106,ASN,sidechain,0.21111111111111108
SYSTEM,137,ASN,sidechain,SYSTEM,141,ALA,sidechain,0.011111111111111112
SYSTEM,149,ASN,sidechain,SYSTEM,148,ARG,sidechain,13.41111111111111
SYSTEM,9,ASP,sidechain,SYSTEM,159,ALA,sidechain,27.32222222222222
SYSTEM,9,ASP,sidechain,SYSTEM,19,ARG,sidechain,99.6111111111111
SYSTEM,27,ASP,sidechain,SYSTEM,26,ALA,sidechain,68.03333333333333
SYSTEM,27,ASP,sidechain,SYSTEM,3,ASN,sidechain,9.988888888888889
SYSTEM,66,ASP,sidechain,SYSTEM,69,ARG,sidechain,0.14444444444444443
SYSTEM,66,ASP,sidechain,SYSTEM,71,ASN,sidechain,5.522222222222222
SYSTEM,85,ASP,sidechain,SYSTEM,103,ALA,sidechain,0.24444444444444444
SYSTEM,85,ASP,sidechain,SYSTEM,87,ASN,sidechain,0.28888888888888886
SYSTEM,85,ASP,sidechain,SYSTEM,102,ASN,sidechain,10.577777777777778
SYSTEM,85,ASP,sidechain,SYSTEM,106,ASN,sidechain,10.222222222222223
SYSTEM,85,ASP,sidechain,SYSTEM,108,ASN,sidechain,42.96666666666666
SYSTEM,160,ASP,sidechain,SYSTEM,159,ALA,sidechain,15.92222222222222
SYSTEM,160,ASP,sidechain,SYSTEM,19,ARG,sidechain,0.011111111111111112
SYSTEM,160,ASP,sidechain,SYSTEM,9,ASP,sidechain,54.36666666666666
SYSTEM,115,CYS,sidechain,SYSTEM,117,ALA,sidechain,0.18888888888888888
SYSTEM,161,CYS,sidechain,SYSTEM,160,ASP,sidechain,18.555555555555557
SYSTEM,63,GLN,sidechain,SYSTEM,101,ALA,sidechain,71.96666666666667
SYSTEM,63,GLN,sidechain,SYSTEM,55,ARG,sidechain,58.199999999999996
SYSTEM,111,GLN,sidechain,SYSTEM,101,ALA,sidechain,57.44444444444444
SYSTEM,111,GLN,sidechain,SYSTEM,103,ALA,sidechain,51.46666666666667
SYSTEM,111,GLN,sidechain,SYSTEM,102,ASN,sidechain,17.0
SYSTEM,111,GLN,sidechain,SYSTEM,66,ASP,sidechain,71.72222222222221
SYSTEM,111,GLN,sidechain,SYSTEM,63,GLN,sidechain,29.58888888888889
SYSTEM,163,GLN,sidechain,SYSTEM,37,ARG,sidechain,93.58888888888889
SYSTEM,15,GLU,sidechain,SYSTEM,13,ASP,sidechain,0.05555555555555555
SYSTEM,23,GLU,sidechain,SYSTEM,3,ASN,sidechain,92.85555555555555
SYSTEM,34,GLU,sidechain,SYSTEM,26,ALA,sidechain,0.022222222222222223
SYSTEM,34,GLU,sidechain,SYSTEM,33,ALA,sidechain,0.05555555555555555
SYSTEM,34,GLU,sidechain,SYSTEM,38,ALA,sidechain,84.07777777777777
SYSTEM,34,GLU,sidechain,SYSTEM,37,ARG,sidechain,99.4888888888889
SYSTEM,43,GLU,sidechain,SYSTEM,38,ALA,sidechain,99.6
SYSTEM,43,GLU,sidechain,SYSTEM,37,ARG,sidechain,76.88888888888889
SYSTEM,81,GLU,sidechain,SYSTEM,106,ASN,sidechain,0.5777777777777777
SYSTEM,81,GLU,sidechain,SYSTEM,108,ASN,sidechain,0.08888888888888889
SYSTEM,84,GLU,sidechain,SYSTEM,87,ASN,sidechain,6.9
SYSTEM,84,GLU,sidechain,SYSTEM,102,ASN,sidechain,0.13333333333333333
SYSTEM,84,GLU,sidechain,SYSTEM,106,ASN,sidechain,5.644444444444444
SYSTEM,84,GLU,sidechain,SYSTEM,108,ASN,sidechain,0.011111111111111112
SYSTEM,84,GLU,sidechain,SYSTEM,85,ASP,sidechain,4.822222222222222
SYSTEM,84,GLU,sidechain,SYSTEM,81,GLU,sidechain,0.011111111111111112
SYSTEM,86,GLU,sidechain,SYSTEM,87,ASN,sidechain,53.31111111111111
SYSTEM,86,GLU,sidechain,SYSTEM,85,ASP,sidechain,0.2555555555555556
SYSTEM,86,GLU,sidechain,SYSTEM,84,GLU,sidechain,19.166666666666668
SYSTEM,120,GLU,sidechain,SYSTEM,123,ASP,sidechain,0.08888888888888889
SYSTEM,140,GLU,sidechain,SYSTEM,141,ALA,sidechain,1.3555555555555554
SYSTEM,140,GLU,sidechain,SYSTEM,144,ARG,sidechain,11.877777777777778
SYSTEM,140,GLU,sidechain,SYSTEM,137,ASN,sidechain,25.555555555555554
SYSTEM,143,GLU,sidechain,SYSTEM,144,ARG,sidechain,2.411111111111111
SYSTEM,143,GLU,sidechain,SYSTEM,62,CYS,sidechain,4.188888888888889
SYSTEM,143,GLU,sidechain,SYSTEM,140,GLU,sidechain,0.6222222222222222
SYSTEM,54,HIS,sidechain,SYSTEM,55,ARG,sidechain,7.566666666666666
SYSTEM,54,HIS,sidechain,SYSTEM,71,ASN,sidechain,0.12222222222222222
SYSTEM,54,HIS,sidechain,SYSTEM,66,ASP,sidechain,22.133333333333333
SYSTEM,54,HIS,sidechain,SYSTEM,52,CYS,sidechain,27.37777777777778
SYSTEM,54,HIS,sidechain,SYSTEM,63,GLN,sidechain,65.16666666666666
SYSTEM,54,HIS,sidechain,SYSTEM,111,GLN,sidechain,2.1
SYSTEM,70,HIS,sidechain,SYSTEM,71,ASN,sidechain,0.14444444444444443
SYSTEM,70,HIS,sidechain,SYSTEM,66,ASP,sidechain,18.144444444444442
SYSTEM,70,HIS,sidechain,SYSTEM,52,CYS,sidechain,36.611111111111114
SYSTEM,70,HIS,sidechain,SYSTEM,54,HIS,sidechain,1.0666666666666667
SYSTEM,92,HIS,sidechain,SYSTEM,123,ASP,sidechain,98.87777777777778
SYSTEM,92,HIS,sidechain,SYSTEM,115,CYS,sidechain,45.211111111111116
SYSTEM,126,HIS,sidechain,SYSTEM,101,ALA,sidechain,15.644444444444444
SYSTEM,126,HIS,sidechain,SYSTEM,103,ALA,sidechain,19.755555555555556
SYSTEM,126,HIS,sidechain,SYSTEM,102,ASN,sidechain,62.488888888888894
SYSTEM,126,HIS,sidechain,SYSTEM,85,ASP,sidechain,0.05555555555555555
SYSTEM,56,ILE,sidechain,SYSTEM,62,CYS,sidechain,99.97777777777777
SYSTEM,57,ILE,sidechain,SYSTEM,55,ARG,sidechain,41.266666666666666
SYSTEM,57,ILE,sidechain,SYSTEM,148,ARG,sidechain,6.866666666666667
SYSTEM,57,ILE,sidechain,SYSTEM,63,GLN,sidechain,0.21111111111111108
SYSTEM,78,ILE,sidechain,SYSTEM,38,ALA,sidechain,95.11111111111111
SYSTEM,78,ILE,sidechain,SYSTEM,35,ASN,sidechain,97.46666666666667
SYSTEM,78,ILE,sidechain,SYSTEM,34,GLU,sidechain,0.03333333333333333
SYSTEM,89,ILE,sidechain,SYSTEM,87,ASN,sidechain,25.133333333333336
SYSTEM,89,ILE,sidechain,SYSTEM,86,GLU,sidechain,0.011111111111111112
SYSTEM,97,ILE,sidechain,SYSTEM,115,CYS,sidechain,74.08888888888889
SYSTEM,97,ILE,sidechain,SYSTEM,92,HIS,sidechain,27.6
SYSTEM,114,ILE,sidechain,SYSTEM,62,CYS,sidechain,85.88888888888889
SYSTEM,138,ILE,sidechain,SYSTEM,141,ALA,sidechain,53.96666666666666
SYSTEM,138,ILE,sidechain,SYSTEM,137,ASN,sidechain,49.01111111111111
SYSTEM,138,ILE,sidechain,SYSTEM,10,ILE,sidechain,1.4555555555555555
SYSTEM,156,ILE,sidechain,SYSTEM,52,CYS,sidechain,0.07777777777777778
SYSTEM,156,ILE,sidechain,SYSTEM,10,ILE,sidechain,0.6111111111111112
SYSTEM,156,ILE,sidechain,SYSTEM,56,ILE,sidechain,1.8888888888888888
SYSTEM,158,ILE,sidechain,SYSTEM,161,CYS,sidechain,57.51111111111111
SYSTEM,158,ILE,sidechain,SYSTEM,10,ILE,sidechain,7.2666666666666675
SYSTEM,17,LEU,sidechain,SYSTEM,11,ALA,sidechain,0.011111111111111112
SYSTEM,17,LEU,sidechain,SYSTEM,141,ALA,sidechain,86.14444444444445
SYSTEM,17,LEU,sidechain,SYSTEM,15,GLU,sidechain,0.28888888888888886
SYSTEM,17,LEU,sidechain,SYSTEM,10,ILE,sidechain,14.011111111111111
SYSTEM,17,LEU,sidechain,SYSTEM,138,ILE,sidechain,71.53333333333333
SYSTEM,17,LEU,sidechain,SYSTEM,156,ILE,sidechain,0.12222222222222222
SYSTEM,24,LEU,sidechain,SYSTEM,26,ALA,sidechain,10.811111111111112
SYSTEM,24,LEU,sidechain,SYSTEM,33,ALA,sidechain,99.47777777777777
SYSTEM,24,LEU,sidechain,SYSTEM,3,ASN,sidechain,0.011111111111111112
SYSTEM,39,LEU,sidechain,SYSTEM,38,ALA,sidechain,44.28888888888889
SYSTEM,39,LEU,sidechain,SYSTEM,35,ASN,sidechain,72.12222222222222
SYSTEM,39,LEU,sidechain,SYSTEM,78,ILE,sidechain,27.87777777777778
SYSTEM,90,LEU,sidechain,SYSTEM,87,ASN,sidechain,0.8222222222222223
SYSTEM,90,LEU,sidechain,SYSTEM,89,ILE,sidechain,51.72222222222223
SYSTEM,98,LEU,sidechain,SYSTEM,114,ILE,sidechain,35.12222222222222
SYSTEM,122,LEU,sidechain,SYSTEM,115,CYS,sidechain,0.7222222222222222
SYSTEM,122,LEU,sidechain,SYSTEM,92,HIS,sidechain,84.04444444444444
SYSTEM,122,LEU,sidechain,SYSTEM,126,HIS,sidechain,96.97777777777777
SYSTEM,164,LEU,sidechain,SYSTEM,19,ARG,sidechain,0.12222222222222222
SYSTEM,28,LYS,sidechain,SYSTEM,87,ASN,sidechain,0.03333333333333333
SYSTEM,28,LYS,sidechain,SYSTEM,27,ASP,sidechain,11.92222222222222
SYSTEM,28,LYS,sidechain,SYSTEM,86,GLU,sidechain,0.05555555555555555
SYSTEM,28,LYS,sidechain,SYSTEM,89,ILE,sidechain,30.422222222222224
SYSTEM,28,LYS,sidechain,SYSTEM,90,LEU,sidechain,55.388888888888886
SYSTEM,31,LYS,sidechain,SYSTEM,87,ASN,sidechain,0.7111111111111111
SYSTEM,31,LYS,sidechain,SYSTEM,108,ASN,sidechain,0.044444444444444446
SYSTEM,31,LYS,sidechain,SYSTEM,85,ASP,sidechain,0.011111111111111112
SYSTEM,31,LYS,sidechain,SYSTEM,34,GLU,sidechain,0.011111111111111112
SYSTEM,31,LYS,sidechain,SYSTEM,81,GLU,sidechain,14.266666666666666
SYSTEM,31,LYS,sidechain,SYSTEM,84,GLU,sidechain,13.088888888888889
SYSTEM,31,LYS,sidechain,SYSTEM,86,GLU,sidechain,44.13333333333333
SYSTEM,44,LYS,sidechain,SYSTEM,38,ALA,sidechain,65.0111111111111
SYSTEM,44,LYS,sidechain,SYSTEM,34,GLU,sidechain,0.1
SYSTEM,44,LYS,sidechain,SYSTEM,43,GLU,sidechain,51.34444444444445
SYSTEM,44,LYS,sidechain,SYSTEM,78,ILE,sidechain,87.73333333333333
SYSTEM,49,LYS,sidechain,SYSTEM,160,ASP,sidechain,95.01111111111112
SYSTEM,49,LYS,sidechain,SYSTEM,161,CYS,sidechain,45.25555555555555
SYSTEM,76,LYS,sidechain,SYSTEM,108,ASN,sidechain,0.5666666666666667
SYSTEM,76,LYS,sidechain,SYSTEM,81,GLU,sidechain,4.0
SYSTEM,76,LYS,sidechain,SYSTEM,78,ILE,sidechain,0.12222222222222222
SYSTEM,76,LYS,sidechain,SYSTEM,39,LEU,sidechain,0.06666666666666667
SYSTEM,82,LYS,sidechain,SYSTEM,103,ALA,sidechain,5.2
SYSTEM,82,LYS,sidechain,SYSTEM,106,ASN,sidechain,2.0888888888888886
SYSTEM,82,LYS,sidechain,SYSTEM,108,ASN,sidechain,14.922222222222222
SYSTEM,82,LYS,sidechain,SYSTEM,85,ASP,sidechain,1.4777777777777779
SYSTEM,82,LYS,sidechain,SYSTEM,81,GLU,sidechain,16.900000000000002
SYSTEM,82,LYS,sidechain,SYSTEM,84,GLU,sidechain,35.81111111111111
SYSTEM,82,LYS,sidechain,SYSTEM,86,GLU,sidechain,0.47777777777777775
SYSTEM,91,LYS,sidechain,SYSTEM,123,ASP,sidechain,94.89999999999999
SYSTEM,91,LYS,sidechain,SYSTEM,120,GLU,sidechain,0.1
SYSTEM,118,LYS,sidechain,SYSTEM,117,ALA,sidechain,0.011111111111111112
SYSTEM,118,LYS,sidechain,SYSTEM,120,GLU,sidechain,91.7
SYSTEM,125,LYS,sidechain,SYSTEM,103,ALA,sidechain,2.411111111111111
SYSTEM,125,LYS,sidechain,SYSTEM,102,ASN,sidechain,4.7555555555555555
SYSTEM,125,LYS,sidechain,SYSTEM,106,ASN,sidechain,0.011111111111111112
SYSTEM,125,LYS,sidechain,SYSTEM,85,ASP,sidechain,0.022222222222222223
SYSTEM,125,LYS,sidechain,SYSTEM,126,HIS,sidechain,27.500000000000004
SYSTEM,125,LYS,sidechain,SYSTEM,122,LEU,sidechain,11.38888888888889
SYSTEM,131,LYS,sidechain,SYSTEM,23,GLU,sidechain,48.144444444444446
SYSTEM,131,LYS,sidechain,SYSTEM,97,ILE,sidechain,17.866666666666667
SYSTEM,131,LYS,sidechain,SYSTEM,90,LEU,sidechain,0.011111111111111112
SYSTEM,133,LYS,sidechain,SYSTEM,23,GLU,sidechain,98.34444444444445
SYSTEM,133,LYS,sidechain,SYSTEM,134,GLU,sidechain,6.788888888888889
SYSTEM,133,LYS,sidechain,SYSTEM,131,LYS,sidechain,0.7333333333333333
SYSTEM,151,LYS,sidechain,SYSTEM,55,ARG,sidechain,1.3
SYSTEM,151,LYS,sidechain,SYSTEM,71,ASN,sidechain,0.7333333333333333
SYSTEM,151,LYS,sidechain,SYSTEM,149,ASN,sidechain,23.955555555555556
SYSTEM,151,LYS,sidechain,SYSTEM,52,CYS,sidechain,0.011111111111111112
SYSTEM,154,LYS,sidechain,SYSTEM,13,ASP,sidechain,73.24444444444444
SYSTEM,154,LYS,sidechain,SYSTEM,15,GLU,sidechain,0.03333333333333333
SYSTEM,154,LYS,sidechain,SYSTEM,156,ILE,sidechain,0.06666666666666667
SYSTEM,155,LYS,sidechain,SYSTEM,13,ASP,sidechain,31.511111111111113
SYSTEM,155,LYS,sidechain,SYSTEM,52,CYS,sidechain,60.36666666666667
SYSTEM,155,LYS,sidechain,SYSTEM,70,HIS,sidechain,0.1111111111111111
SYSTEM,155,LYS,sidechain,SYSTEM,154,LYS,sidechain,0.03333333333333333
SYSTEM,61,MET,sidechain,SYSTEM,55,ARG,sidechain,9.555555555555555
SYSTEM,61,MET,sidechain,SYSTEM,115,CYS,sidechain,8.799999999999999
SYSTEM,61,MET,sidechain,SYSTEM,63,GLN,sidechain,77.03333333333333
SYSTEM,61,MET,sidechain,SYSTEM,57,ILE,sidechain,65.44444444444444
SYSTEM,61,MET,sidechain,SYSTEM,122,LEU,sidechain,0.3
SYSTEM,100,MET,sidechain,SYSTEM,101,ALA,sidechain,5.822222222222222
SYSTEM,100,MET,sidechain,SYSTEM,103,ALA,sidechain,2.2222222222222223
SYSTEM,100,MET,sidechain,SYSTEM,35,ASN,sidechain,0.8333333333333334
SYSTEM,100,MET,sidechain,SYSTEM,102,ASN,sidechain,7.9
SYSTEM,100,MET,sidechain,SYSTEM,108,ASN,sidechain,42.43333333333334
SYSTEM,100,MET,sidechain,SYSTEM,85,ASP,sidechain,0.07777777777777778
SYSTEM,136,MET,sidechain,SYSTEM,137,ASN,sidechain,0.2222222222222222
SYSTEM,136,MET,sidechain,SYSTEM,134,GLU,sidechain,0.12222222222222222
SYSTEM,136,MET,sidechain,SYSTEM,140,GLU,sidechain,11.577777777777778
SYSTEM,142,MET,sidechain,SYSTEM,62,CYS,sidechain,98.53333333333333
SYSTEM,142,MET,sidechain,SYSTEM,10,ILE,sidechain,66.34444444444443
SYSTEM,142,MET,sidechain,SYSTEM,56,ILE,sidechain,9.044444444444444
SYSTEM,142,MET,sidechain,SYSTEM,114,ILE,sidechain,2.1999999999999997
SYSTEM,142,MET,sidechain,SYSTEM,138,ILE,sidechain,0.022222222222222223
SYSTEM,142,MET,sidechain,SYSTEM,156,ILE,sidechain,72.92222222222222
SYSTEM,142,MET,sidechain,SYSTEM,17,LEU,sidechain,0.1111111111111111
SYSTEM,7,PHE,sidechain,SYSTEM,19,ARG,sidechain,99.66666666666667
SYSTEM,7,PHE,sidechain,SYSTEM,9,ASP,sidechain,31.244444444444447
SYSTEM,7,PHE,sidechain,SYSTEM,160,ASP,sidechain,0.34444444444444444
SYSTEM,7,PHE,sidechain,SYSTEM,164,LEU,sidechain,59.28888888888889
SYSTEM,8,PHE,sidechain,SYSTEM,161,CYS,sidechain,59.82222222222222
SYSTEM,8,PHE,sidechain,SYSTEM,158,ILE,sidechain,99.5111111111111
SYSTEM,22,PHE,sidechain,SYSTEM,114,ILE,sidechain,1.5222222222222221
SYSTEM,22,PHE,sidechain,SYSTEM,98,LEU,sidechain,99.24444444444444
SYSTEM,22,PHE,sidechain,SYSTEM,8,PHE,sidechain,55.91111111111111
SYSTEM,25,PHE,sidechain,SYSTEM,3,ASN,sidechain,37.41111111111111
SYSTEM,25,PHE,sidechain,SYSTEM,27,ASP,sidechain,0.022222222222222223
SYSTEM,25,PHE,sidechain,SYSTEM,23,GLU,sidechain,12.766666666666667
SYSTEM,25,PHE,sidechain,SYSTEM,90,LEU,sidechain,64.7
SYSTEM,25,PHE,sidechain,SYSTEM,28,LYS,sidechain,18.044444444444444
SYSTEM,25,PHE,sidechain,SYSTEM,131,LYS,sidechain,9.077777777777778
SYSTEM,36,PHE,sidechain,SYSTEM,24,LEU,sidechain,49.43333333333334
SYSTEM,36,PHE,sidechain,SYSTEM,98,LEU,sidechain,71.63333333333334
SYSTEM,36,PHE,sidechain,SYSTEM,100,MET,sidechain,0.022222222222222223
SYSTEM,36,PHE,sidechain,SYSTEM,8,PHE,sidechain,0.011111111111111112
SYSTEM,36,PHE,sidechain,SYSTEM,22,PHE,sidechain,0.35555555555555557
SYSTEM,46,PHE,sidechain,SYSTEM,161,CYS,sidechain,0.022222222222222223
SYSTEM,46,PHE,sidechain,SYSTEM,78,ILE,sidechain,0.8111111111111111
SYSTEM,46,PHE,sidechain,SYSTEM,39,LEU,sidechain,4.455555555555556
SYSTEM,46,PHE,sidechain,SYSTEM,44,LYS,sidechain,3.155555555555556
SYSTEM,46,PHE,sidechain,SYSTEM,49,LYS,sidechain,1.3777777777777778
SYSTEM,46,PHE,sidechain,SYSTEM,76,LYS,sidechain,84.1
SYSTEM,53,PHE,sidechain,SYSTEM,62,CYS,sidechain,12.355555555555556
SYSTEM,53,PHE,sidechain,SYSTEM,10,ILE,sidechain,0.32222222222222224
SYSTEM,53,PHE,sidechain,SYSTEM,56,ILE,sidechain,0.4888888888888889
SYSTEM,53,PHE,sidechain,SYSTEM,156,ILE,sidechain,40.6
SYSTEM,53,PHE,sidechain,SYSTEM,158,ILE,sidechain,2.2666666666666666
SYSTEM,53,PHE,sidechain,SYSTEM,142,MET,sidechain,80.16666666666666
SYSTEM,60,PHE,sidechain,SYSTEM,117,ALA,sidechain,1.0333333333333332
SYSTEM,60,PHE,sidechain,SYSTEM,148,ARG,sidechain,0.37777777777777777
SYSTEM,60,PHE,sidechain,SYSTEM,57,ILE,sidechain,72.64444444444445
SYSTEM,60,PHE,sidechain,SYSTEM,122,LEU,sidechain,0.1
SYSTEM,60,PHE,sidechain,SYSTEM,61,MET,sidechain,86.96666666666667
SYSTEM,67,PHE,sidechain,SYSTEM,39,LEU,sidechain,2.6
SYSTEM,67,PHE,sidechain,SYSTEM,76,LYS,sidechain,0.5222222222222221
SYSTEM,67,PHE,sidechain,SYSTEM,46,PHE,sidechain,0.18888888888888888
SYSTEM,83,PHE,sidechain,SYSTEM,103,ALA,sidechain,9.3
SYSTEM,83,PHE,sidechain,SYSTEM,35,ASN,sidechain,47.733333333333334
SYSTEM,83,PHE,sidechain,SYSTEM,87,ASN,sidechain,6.4222222222222225
SYSTEM,83,PHE,sidechain,SYSTEM,108,ASN,sidechain,32.24444444444444
SYSTEM,83,PHE,sidechain,SYSTEM,85,ASP,sidechain,0.14444444444444443
SYSTEM,83,PHE,sidechain,SYSTEM,81,GLU,sidechain,3.6555555555555554
SYSTEM,83,PHE,sidechain,SYSTEM,84,GLU,sidechain,5.577777777777778
SYSTEM,83,PHE,sidechain,SYSTEM,86,GLU,sidechain,0.06666666666666667
SYSTEM,83,PHE,sidechain,SYSTEM,31,LYS,sidechain,25.0
SYSTEM,83,PHE,sidechain,SYSTEM,100,MET,sidechain,2.0
SYSTEM,88,PHE,sidechain,SYSTEM,103,ALA,sidechain,0.37777777777777777
SYSTEM,88,PHE,sidechain,SYSTEM,87,ASN,sidechain,0.26666666666666666
SYSTEM,88,PHE,sidechain,SYSTEM,85,ASP,sidechain,5.6000000000000005
SYSTEM,88,PHE,sidechain,SYSTEM,86,GLU,sidechain,0.1111111111111111
SYSTEM,88,PHE,sidechain,SYSTEM,83,PHE,sidechain,0.06666666666666667
SYSTEM,112,PHE,sidechain,SYSTEM,114,ILE,sidechain,0.044444444444444446
SYSTEM,112,PHE,sidechain,SYSTEM,98,LEU,sidechain,3.6999999999999997
SYSTEM,112,PHE,sidechain,SYSTEM,36,PHE,sidechain,37.36666666666667
SYSTEM,113,PHE,sidechain,SYSTEM,101,ALA,sidechain,95.34444444444445
SYSTEM,113,PHE,sidechain,SYSTEM,115,CYS,sidechain,58.12222222222222
SYSTEM,113,PHE,sidechain,SYSTEM,63,GLN,sidechain,41.98888888888889
SYSTEM,113,PHE,sidechain,SYSTEM,111,GLN,sidechain,0.022222222222222223
SYSTEM,113,PHE,sidechain,SYSTEM,126,HIS,sidechain,42.699999999999996
SYSTEM,113,PHE,sidechain,SYSTEM,122,LEU,sidechain,2.4444444444444446
SYSTEM,113,PHE,sidechain,SYSTEM,61,MET,sidechain,98.9888888888889
SYSTEM,129,PHE,sidechain,SYSTEM,33,ALA,sidechain,39.68888888888889
SYSTEM,129,PHE,sidechain,SYSTEM,24,LEU,sidechain,6.844444444444445
SYSTEM,129,PHE,sidechain,SYSTEM,98,LEU,sidechain,99.7
SYSTEM,129,PHE,sidechain,SYSTEM,100,MET,sidechain,65.58888888888889
SYSTEM,129,PHE,sidechain,SYSTEM,36,PHE,sidechain,44.58888888888889
SYSTEM,145,PHE,sidechain,SYSTEM,141,ALA,sidechain,2.8444444444444446
SYSTEM,145,PHE,sidechain,SYSTEM,144,ARG,sidechain,12.266666666666666
SYSTEM,145,PHE,sidechain,SYSTEM,156,ILE,sidechain,48.01111111111111
SYSTEM,145,PHE,sidechain,SYSTEM,17,LEU,sidechain,0.28888888888888886
SYSTEM,145,PHE,sidechain,SYSTEM,154,LYS,sidechain,55.68888888888889
SYSTEM,4,PRO,sidechain,SYSTEM,26,ALA,sidechain,98.61111111111111
SYSTEM,4,PRO,sidechain,SYSTEM,33,ALA,sidechain,1.7111111111111112
SYSTEM,4,PRO,sidechain,SYSTEM,37,ARG,sidechain,0.4888888888888889
SYSTEM,4,PRO,sidechain,SYSTEM,3,ASN,sidechain,1.0
SYSTEM,4,PRO,sidechain,SYSTEM,163,GLN,sidechain,6.71111111111111
SYSTEM,4,PRO,sidechain,SYSTEM,24,LEU,sidechain,87.77777777777777
SYSTEM,16,PRO,sidechain,SYSTEM,11,ALA,sidechain,72.84444444444445
SYSTEM,16,PRO,sidechain,SYSTEM,159,ALA,sidechain,2.155555555555556
SYSTEM,16,PRO,sidechain,SYSTEM,9,ASP,sidechain,0.08888888888888889
SYSTEM,16,PRO,sidechain,SYSTEM,15,GLU,sidechain,15.288888888888888
SYSTEM,30,PRO,sidechain,SYSTEM,26,ALA,sidechain,2.055555555555556
SYSTEM,30,PRO,sidechain,SYSTEM,87,ASN,sidechain,7.022222222222223
SYSTEM,30,PRO,sidechain,SYSTEM,86,GLU,sidechain,31.933333333333337
SYSTEM,30,PRO,sidechain,SYSTEM,31,LYS,sidechain,42.13333333333333
SYSTEM,58,PRO,sidechain,SYSTEM,144,ARG,sidechain,0.08888888888888889
SYSTEM,58,PRO,sidechain,SYSTEM,148,ARG,sidechain,31.177777777777777
SYSTEM,58,PRO,sidechain,SYSTEM,143,GLU,sidechain,88.96666666666667
SYSTEM,58,PRO,sidechain,SYSTEM,56,ILE,sidechain,0.022222222222222223
SYSTEM,58,PRO,sidechain,SYSTEM,57,ILE,sidechain,3.844444444444445
SYSTEM,95,PRO,sidechain,SYSTEM,117,ALA,sidechain,26.466666666666665
SYSTEM,95,PRO,sidechain,SYSTEM,140,GLU,sidechain,0.06666666666666667
SYSTEM,95,PRO,sidechain,SYSTEM,118,LYS,sidechain,0.46666666666666673
SYSTEM,95,PRO,sidechain,SYSTEM,136,MET,sidechain,1.7888888888888888
SYSTEM,105,PRO,sidechain,SYSTEM,102,ASN,sidechain,0.011111111111111112
SYSTEM,105,PRO,sidechain,SYSTEM,106,ASN,sidechain,28.28888888888889
SYSTEM,105,PRO,sidechain,SYSTEM,85,ASP,sidechain,0.6777777777777777
SYSTEM,105,PRO,sidechain,SYSTEM,84,GLU,sidechain,0.05555555555555555
SYSTEM,105,PRO,sidechain,SYSTEM,82,LYS,sidechain,3.266666666666666
SYSTEM,105,PRO,sidechain,SYSTEM,125,LYS,sidechain,0.011111111111111112
SYSTEM,105,PRO,sidechain,SYSTEM,83,PHE,sidechain,0.06666666666666667
SYSTEM,21,SER,sidechain,SYSTEM,19,ARG,sidechain,7.177777777777777
SYSTEM,21,SER,sidechain,SYSTEM,134,GLU,sidechain,54.47777777777778
SYSTEM,21,SER,sidechain,SYSTEM,164,LEU,sidechain,5.955555555555556
SYSTEM,21,SER,sidechain,SYSTEM,133,LYS,sidechain,34.13333333333333
SYSTEM,21,SER,sidechain,SYSTEM,7,PHE,sidechain,6.51111111111111
SYSTEM,40,SER,sidechain,SYSTEM,161,CYS,sidechain,97.14444444444445
SYSTEM,40,SER,sidechain,SYSTEM,163,GLN,sidechain,0.13333333333333333
SYSTEM,40,SER,sidechain,SYSTEM,8,PHE,sidechain,31.211111111111112
SYSTEM,40,SER,sidechain,SYSTEM,36,PHE,sidechain,89.55555555555556
SYSTEM,51,SER,sidechain,SYSTEM,52,CYS,sidechain,0.4333333333333333
SYSTEM,51,SER,sidechain,SYSTEM,70,HIS,sidechain,9.71111111111111
SYSTEM,51,SER,sidechain,SYSTEM,158,ILE,sidechain,92.75555555555556
SYSTEM,51,SER,sidechain,SYSTEM,67,PHE,sidechain,6.066666666666666
SYSTEM,77,SER,sidechain,SYSTEM,35,ASN,sidechain,99.1
SYSTEM,77,SER,sidechain,SYSTEM,102,ASN,sidechain,0.05555555555555555
SYSTEM,77,SER,sidechain,SYSTEM,108,ASN,sidechain,20.38888888888889
SYSTEM,77,SER,sidechain,SYSTEM,81,GLU,sidechain,0.32222222222222224
SYSTEM,77,SER,sidechain,SYSTEM,78,ILE,sidechain,35.766666666666666
SYSTEM,77,SER,sidechain,SYSTEM,39,LEU,sidechain,0.2555555555555556
SYSTEM,77,SER,sidechain,SYSTEM,76,LYS,sidechain,0.23333333333333336
SYSTEM,77,SER,sidechain,SYSTEM,83,PHE,sidechain,48.8
SYSTEM,99,SER,sidechain,SYSTEM,115,CYS,sidechain,52.17777777777778
SYSTEM,99,SER,sidechain,SYSTEM,92,HIS,sidechain,99.9
SYSTEM,99,SER,sidechain,SYSTEM,126,HIS,sidechain,23.7
SYSTEM,99,SER,sidechain,SYSTEM,97,ILE,sidechain,0.07777777777777778
SYSTEM,99,SER,sidechain,SYSTEM,122,LEU,sidechain,1.5666666666666667
SYSTEM,99,SER,sidechain,SYSTEM,113,PHE,sidechain,74.15555555555555
SYSTEM,110,SER,sidechain,SYSTEM,103,ALA,sidechain,0.08888888888888889
SYSTEM,110,SER,sidechain,SYSTEM,35,ASN,sidechain,7.188888888888889
SYSTEM,110,SER,sidechain,SYSTEM,102,ASN,sidechain,0.8111111111111111
SYSTEM,110,SER,sidechain,SYSTEM,108,ASN,sidechain,0.14444444444444443
SYSTEM,110,SER,sidechain,SYSTEM,111,GLN,sidechain,59.86666666666667
SYSTEM,110,SER,sidechain,SYSTEM,39,LEU,sidechain,62.36666666666667
SYSTEM,110,SER,sidechain,SYSTEM,100,MET,sidechain,0.05555555555555555
SYSTEM,110,SER,sidechain,SYSTEM,67,PHE,sidechain,72.73333333333333
SYSTEM,110,SER,sidechain,SYSTEM,77,SER,sidechain,30.711111111111112
SYSTEM,147,SER,sidechain,SYSTEM,55,ARG,sidechain,0.08888888888888889
SYSTEM,147,SER,sidechain,SYSTEM,148,ARG,sidechain,1.0444444444444443
SYSTEM,147,SER,sidechain,SYSTEM,149,ASN,sidechain,65.2
SYSTEM,147,SER,sidechain,SYSTEM,151,LYS,sidechain,4.366666666666666
SYSTEM,147,SER,sidechain,SYSTEM,58,PRO,sidechain,0.1
SYSTEM,153,SER,sidechain,SYSTEM,149,ASN,sidechain,0.011111111111111112
SYSTEM,153,SER,sidechain,SYSTEM,151,LYS,sidechain,7.455555555555556
SYSTEM,153,SER,sidechain,SYSTEM,154,LYS,sidechain,31.222222222222225
SYSTEM,153,SER,sidechain,SYSTEM,155,LYS,sidechain,0.022222222222222223
SYSTEM,153,SER,sidechain,SYSTEM,145,PHE,sidechain,13.855555555555554
SYSTEM,153,SER,sidechain,SYSTEM,147,SER,sidechain,6.0
SYSTEM,5,THR,sidechain,SYSTEM,163,GLN,sidechain,0.011111111111111112
SYSTEM,5,THR,sidechain,SYSTEM,23,GLU,sidechain,14.955555555555556
SYSTEM,5,THR,sidechain,SYSTEM,164,LEU,sidechain,90.67777777777778
SYSTEM,5,THR,sidechain,SYSTEM,133,LYS,sidechain,76.63333333333333
SYSTEM,5,THR,sidechain,SYSTEM,7,PHE,sidechain,1.1888888888888889
SYSTEM,5,THR,sidechain,SYSTEM,21,SER,sidechain,38.67777777777778
SYSTEM,32,THR,sidechain,SYSTEM,33,ALA,sidechain,8.988888888888889
SYSTEM,32,THR,sidechain,SYSTEM,35,ASN,sidechain,0.788888888888889
SYSTEM,32,THR,sidechain,SYSTEM,87,ASN,sidechain,1.6
SYSTEM,32,THR,sidechain,SYSTEM,102,ASN,sidechain,0.011111111111111112
SYSTEM,32,THR,sidechain,SYSTEM,108,ASN,sidechain,0.41111111111111115
SYSTEM,32,THR,sidechain,SYSTEM,85,ASP,sidechain,0.4888888888888889
SYSTEM,32,THR,sidechain,SYSTEM,86,GLU,sidechain,41.81111111111111
SYSTEM,32,THR,sidechain,SYSTEM,100,MET,sidechain,93.11111111111111
SYSTEM,32,THR,sidechain,SYSTEM,83,PHE,sidechain,12.966666666666669
SYSTEM,32,THR,sidechain,SYSTEM,129,PHE,sidechain,97.1
SYSTEM,41,THR,sidechain,SYSTEM,38,ALA,sidechain,33.75555555555555
SYSTEM,41,THR,sidechain,SYSTEM,37,ARG,sidechain,94.41111111111111
SYSTEM,41,THR,sidechain,SYSTEM,163,GLN,sidechain,74.3
SYSTEM,41,THR,sidechain,SYSTEM,43,GLU,sidechain,99.63333333333333
SYSTEM,41,THR,sidechain,SYSTEM,40,SER,sidechain,6.51111111111111
SYSTEM,68,THR,sidechain,SYSTEM,69,ARG,sidechain,14.044444444444446
SYSTEM,68,THR,sidechain,SYSTEM,66,ASP,sidechain,65.41111111111111
SYSTEM,68,THR,sidechain,SYSTEM,76,LYS,sidechain,14.877777777777778
SYSTEM,68,THR,sidechain,SYSTEM,67,PHE,sidechain,89.38888888888889
SYSTEM,73,THR,sidechain,SYSTEM,103,ALA,sidechain,0.8222222222222223
SYSTEM,73,THR,sidechain,SYSTEM,55,ARG,sidechain,0.011111111111111112
SYSTEM,73,THR,sidechain,SYSTEM,69,ARG,sidechain,68.24444444444444
SYSTEM,73,THR,sidechain,SYSTEM,71,ASN,sidechain,82.76666666666667
SYSTEM,73,THR,sidechain,SYSTEM,66,ASP,sidechain,5.777777777777778
SYSTEM,93,THR,sidechain,SYSTEM,120,GLU,sidechain,0.15555555555555556
SYSTEM,93,THR,sidechain,SYSTEM,97,ILE,sidechain,27.78888888888889
SYSTEM,93,THR,sidechain,SYSTEM,91,LYS,sidechain,7.788888888888888
SYSTEM,93,THR,sidechain,SYSTEM,118,LYS,sidechain,1.211111111111111
SYSTEM,93,THR,sidechain,SYSTEM,131,LYS,sidechain,0.17777777777777778
SYSTEM,107,THR,sidechain,SYSTEM,103,ALA,sidechain,63.366666666666674
SYSTEM,107,THR,sidechain,SYSTEM,69,ARG,sidechain,0.011111111111111112
SYSTEM,107,THR,sidechain,SYSTEM,102,ASN,sidechain,18.96666666666667
SYSTEM,107,THR,sidechain,SYSTEM,106,ASN,sidechain,0.08888888888888889
SYSTEM,107,THR,sidechain,SYSTEM,108,ASN,sidechain,1.7555555555555558
SYSTEM,107,THR,sidechain,SYSTEM,85,ASP,sidechain,0.011111111111111112
SYSTEM,107,THR,sidechain,SYSTEM,81,GLU,sidechain,0.1
SYSTEM,107,THR,sidechain,SYSTEM,84,GLU,sidechain,0.044444444444444446
SYSTEM,107,THR,sidechain,SYSTEM,76,LYS,sidechain,0.05555555555555555
SYSTEM,107,THR,sidechain,SYSTEM,82,LYS,sidechain,26.255555555555553
SYSTEM,107,THR,sidechain,SYSTEM,100,MET,sidechain,0.1
SYSTEM,107,THR,sidechain,SYSTEM,83,PHE,sidechain,4.388888888888888
SYSTEM,107,THR,sidechain,SYSTEM,105,PRO,sidechain,1.0666666666666667
SYSTEM,107,THR,sidechain,SYSTEM,77,SER,sidechain,7.033333333333333
SYSTEM,116,THR,sidechain,SYSTEM,117,ALA,sidechain,83.71111111111111
SYSTEM,116,THR,sidechain,SYSTEM,62,CYS,sidechain,86.04444444444445
SYSTEM,116,THR,sidechain,SYSTEM,115,CYS,sidechain,0.011111111111111112
SYSTEM,116,THR,sidechain,SYSTEM,140,GLU,sidechain,0.12222222222222222
SYSTEM,116,THR,sidechain,SYSTEM,143,GLU,sidechain,99.9888888888889
SYSTEM,119,THR,sidechain,SYSTEM,117,ALA,sidechain,29.96666666666667
SYSTEM,119,THR,sidechain,SYSTEM,115,CYS,sidechain,97.39999999999999
SYSTEM,119,THR,sidechain,SYSTEM,120,GLU,sidechain,0.2222222222222222
SYSTEM,119,THR,sidechain,SYSTEM,92,HIS,sidechain,91.04444444444444
SYSTEM,119,THR,sidechain,SYSTEM,122,LEU,sidechain,99.14444444444445
SYSTEM,119,THR,sidechain,SYSTEM,61,MET,sidechain,2.3
SYSTEM,119,THR,sidechain,SYSTEM,60,PHE,sidechain,16.27777777777778
SYSTEM,152,THR,sidechain,SYSTEM,55,ARG,sidechain,1.011111111111111
SYSTEM,152,THR,sidechain,SYSTEM,149,ASN,sidechain,0.011111111111111112
SYSTEM,152,THR,sidechain,SYSTEM,52,CYS,sidechain,0.2555555555555556
SYSTEM,152,THR,sidechain,SYSTEM,54,HIS,sidechain,0.011111111111111112
SYSTEM,152,THR,sidechain,SYSTEM,70,HIS,sidechain,0.011111111111111112
SYSTEM,152,THR,sidechain,SYSTEM,56,ILE,sidechain,77.10000000000001
SYSTEM,152,THR,sidechain,SYSTEM,156,ILE,sidechain,6.0777777777777775
SYSTEM,152,THR,sidechain,SYSTEM,151,LYS,sidechain,0.5111111111111112
SYSTEM,152,THR,sidechain,SYSTEM,155,LYS,sidechain,0.5555555555555556
SYSTEM,152,THR,sidechain,SYSTEM,145,PHE,sidechain,0.011111111111111112
SYSTEM,152,THR,sidechain,SYSTEM,147,SER,sidechain,9.71111111111111
SYSTEM,152,THR,sidechain,SYSTEM,153,SER,sidechain,0.17777777777777778
SYSTEM,157,THR,sidechain,SYSTEM,11,ALA,sidechain,64.87777777777778
SYSTEM,157,THR,sidechain,SYSTEM,159,ALA,sidechain,17.58888888888889
SYSTEM,157,THR,sidechain,SYSTEM,13,ASP,sidechain,0.044444444444444446
SYSTEM,157,THR,sidechain,SYSTEM,52,CYS,sidechain,75.82222222222222
SYSTEM,157,THR,sidechain,SYSTEM,155,LYS,sidechain,23.48888888888889
SYSTEM,121,TRP,sidechain,SYSTEM,120,GLU,sidechain,1.0999999999999999
SYSTEM,121,TRP,sidechain,SYSTEM,122,LEU,sidechain,55.733333333333334
SYSTEM,121,TRP,sidechain,SYSTEM,118,LYS,sidechain,0.011111111111111112
SYSTEM,121,TRP,sidechain,SYSTEM,125,LYS,sidechain,2.7777777777777777
SYSTEM,121,TRP,sidechain,SYSTEM,60,PHE,sidechain,8.588888888888889
SYSTEM,121,TRP,sidechain,SYSTEM,119,THR,sidechain,83.94444444444444
SYSTEM,48,TYR,sidechain,SYSTEM,39,LEU,sidechain,99.76666666666667
SYSTEM,48,TYR,sidechain,SYSTEM,8,PHE,sidechain,0.044444444444444446
SYSTEM,48,TYR,sidechain,SYSTEM,36,PHE,sidechain,63.22222222222222
SYSTEM,48,TYR,sidechain,SYSTEM,67,PHE,sidechain,1.7000000000000002
SYSTEM,48,TYR,sidechain,SYSTEM,112,PHE,sidechain,61.93333333333333
SYSTEM,48,TYR,sidechain,SYSTEM,40,SER,sidechain,52.82222222222222
SYSTEM,48,TYR,sidechain,SYSTEM,51,SER,sidechain,1.4444444444444444
SYSTEM,48,TYR,sidechain,SYSTEM,110,SER,sidechain,42.56666666666667
SYSTEM,79,TYR,sidechain,SYSTEM,38,ALA,sidechain,1.9666666666666666
SYSTEM,79,TYR,sidechain,SYSTEM,35,ASN,sidechain,20.644444444444446
SYSTEM,79,TYR,sidechain,SYSTEM,108,ASN,sidechain,2.2444444444444445
SYSTEM,79,TYR,sidechain,SYSTEM,34,GLU,sidechain,5.833333333333333
SYSTEM,79,TYR,sidechain,SYSTEM,81,GLU,sidechain,3.922222222222222
SYSTEM,79,TYR,sidechain,SYSTEM,84,GLU,sidechain,1.7333333333333332
SYSTEM,79,TYR,sidechain,SYSTEM,78,ILE,sidechain,87.45555555555555
SYSTEM,79,TYR,sidechain,SYSTEM,31,LYS,sidechain,47.37777777777778
SYSTEM,79,TYR,sidechain,SYSTEM,44,LYS,sidechain,0.14444444444444443
SYSTEM,79,TYR,sidechain,SYSTEM,83,PHE,sidechain,43.888888888888886
SYSTEM,79,TYR,sidechain,SYSTEM,77,SER,sidechain,24.8
SYSTEM,2,VAL,sidechain,SYSTEM,26,ALA,sidechain,4.266666666666667
SYSTEM,2,VAL,sidechain,SYSTEM,3,ASN,sidechain,0.7000000000000001
SYSTEM,2,VAL,sidechain,SYSTEM,27,ASP,sidechain,6.844444444444445
SYSTEM,2,VAL,sidechain,SYSTEM,4,PRO,sidechain,2.7555555555555555
SYSTEM,2,VAL,sidechain,SYSTEM,5,THR,sidechain,0.011111111111111112
SYSTEM,6,VAL,sidechain,SYSTEM,163,GLN,sidechain,12.844444444444445
SYSTEM,6,VAL,sidechain,SYSTEM,24,LEU,sidechain,94.35555555555555
SYSTEM,6,VAL,sidechain,SYSTEM,8,PHE,sidechain,0.3888888888888889
SYSTEM,6,VAL,sidechain,SYSTEM,22,PHE,sidechain,0.5555555555555556
SYSTEM,6,VAL,sidechain,SYSTEM,36,PHE,sidechain,16.92222222222222
SYSTEM,6,VAL,sidechain,SYSTEM,4,PRO,sidechain,0.23333333333333336
SYSTEM,6,VAL,sidechain,SYSTEM,40,SER,sidechain,99.77777777777777
SYSTEM,12,VAL,sidechain,SYSTEM,11,ALA,sidechain,1.6
SYSTEM,12,VAL,sidechain,SYSTEM,13,ASP,sidechain,49.72222222222222
SYSTEM,12,VAL,sidechain,SYSTEM,15,GLU,sidechain,2.7333333333333334
SYSTEM,12,VAL,sidechain,SYSTEM,156,ILE,sidechain,88.86666666666667
SYSTEM,12,VAL,sidechain,SYSTEM,17,LEU,sidechain,81.18888888888888
SYSTEM,12,VAL,sidechain,SYSTEM,154,LYS,sidechain,40.36666666666667
SYSTEM,12,VAL,sidechain,SYSTEM,145,PHE,sidechain,81.32222222222222
SYSTEM,20,VAL,sidechain,SYSTEM,10,ILE,sidechain,14.655555555555555
SYSTEM,20,VAL,sidechain,SYSTEM,138,ILE,sidechain,41.82222222222222
SYSTEM,20,VAL,sidechain,SYSTEM,142,MET,sidechain,0.08888888888888889
SYSTEM,20,VAL,sidechain,SYSTEM,8,PHE,sidechain,0.13333333333333333
SYSTEM,20,VAL,sidechain,SYSTEM,22,PHE,sidechain,84.1
SYSTEM,29,VAL,sidechain,SYSTEM,33,ALA,sidechain,18.166666666666668
SYSTEM,29,VAL,sidechain,SYSTEM,87,ASN,sidechain,39.855555555555554
SYSTEM,29,VAL,sidechain,SYSTEM,85,ASP,sidechain,0.05555555555555555
SYSTEM,29,VAL,sidechain,SYSTEM,86,GLU,sidechain,42.855555555555554
SYSTEM,29,VAL,sidechain,SYSTEM,89,ILE,sidechain,1.1888888888888889
SYSTEM,29,VAL,sidechain,SYSTEM,90,LEU,sidechain,3.344444444444444
SYSTEM,29,VAL,sidechain,SYSTEM,129,PHE,sidechain,0.37777777777777777
SYSTEM,29,VAL,sidechain,SYSTEM,30,PRO,sidechain,9.133333333333333
SYSTEM,29,VAL,sidechain,SYSTEM,32,THR,sidechain,85.9888888888889
SYSTEM,127,VAL,sidechain,SYSTEM,103,ALA,sidechain,4.7444444444444445
SYSTEM,127,VAL,sidechain,SYSTEM,87,ASN,sidechain,12.033333333333333
SYSTEM,127,VAL,sidechain,SYSTEM,102,ASN,sidechain,2.966666666666667
SYSTEM,127,VAL,sidechain,SYSTEM,108,ASN,sidechain,0.6444444444444445
SYSTEM,127,VAL,sidechain,SYSTEM,85,ASP,sidechain,25.744444444444444
SYSTEM,127,VAL,sidechain,SYSTEM,86,GLU,sidechain,5.0
SYSTEM,127,VAL,sidechain,SYSTEM,90,LEU,sidechain,0.03333333333333333
SYSTEM,127,VAL,sidechain,SYSTEM,100,MET,sidechain,3.4222222222222225
SYSTEM,127,VAL,sidechain,SYSTEM,83,PHE,sidechain,13.42222222222222
SYSTEM,127,VAL,sidechain,SYSTEM,88,PHE,sidechain,74.17777777777778
SYSTEM,127,VAL,sidechain,SYSTEM,129,PHE,sidechain,0.011111111111111112
SYSTEM,127,VAL,sidechain,SYSTEM,32,THR,sidechain,69.21111111111111
SYSTEM,127,VAL,sidechain,SYSTEM,29,VAL,sidechain,28.055555555555557
SYSTEM,128,VAL,sidechain,SYSTEM,92,HIS,sidechain,99.8888888888889
SYSTEM,128,VAL,sidechain,SYSTEM,97,ILE,sidechain,96.91111111111111
SYSTEM,128,VAL,sidechain,SYSTEM,90,LEU,sidechain,87.22222222222223
SYSTEM,128,VAL,sidechain,SYSTEM,99,SER,sidechain,99.82222222222222
SYSTEM,132,VAL,sidechain,SYSTEM,114,ILE,sidechain,1.077777777777778
SYSTEM,132,VAL,sidechain,SYSTEM,131,LYS,sidechain,0.07777777777777778
SYSTEM,132,VAL,sidechain,SYSTEM,136,MET,sidechain,95.91111111111111
SYSTEM,132,VAL,sidechain,SYSTEM,22,PHE,sidechain,87.87777777777778
SYSTEM,132,VAL,sidechain,SYSTEM,20,VAL,sidechain,62.977777777777774
SYSTEM,139,VAL,sidechain,SYSTEM,62,CYS,sidechain,20.677777777777777
SYSTEM,139,VAL,sidechain,SYSTEM,140,GLU,sidechain,0.011111111111111112
SYSTEM,139,VAL,sidechain,SYSTEM,114,ILE,sidechain,79.83333333333333
SYSTEM,139,VAL,sidechain,SYSTEM,138,ILE,sidechain,0.022222222222222223
SYSTEM,139,VAL,sidechain,SYSTEM,136,MET,sidechain,81.07777777777778
SYSTEM,139,VAL,sidechain,SYSTEM,142,MET,sidechain,80.96666666666667
SYSTEM,139,VAL,sidechain,SYSTEM,116,THR,sidechain,0.08888888888888889
SYSTEM,139,VAL,sidechain,SYSTEM,20,VAL,sidechain,62.6888888888889
SYSTEM,139,VAL,sidechain,SYSTEM,132,VAL,sidechain,44.93333333333333
