SYSTEM,33,ALA,sidechain,SYSTEM,26,ALA,sidechain,99.9900009999
SYSTEM,103,ALA,sidechain,SYSTEM,101,ALA,sidechain,0.40995900409959
SYSTEM,159,ALA,sidechain,SYSTEM,11,ALA,sidechain,100.0
SYSTEM,37,ARG,sidechain,SYSTEM,26,ALA,sidechain,0.009999000099990002
SYSTEM,37,ARG,sidechain,SYSTEM,33,ALA,sidechain,0.029997000299970003
SYSTEM,37,ARG,sidechain,SYSTEM,38,ALA,sidechain,99.84001599840016
SYSTEM,144,ARG,sidechain,SYSTEM,141,ALA,sidechain,83.5016498350165
SYSTEM,148,ARG,sidechain,SYSTEM,55,ARG,sidechain,0.14998500149985
SYSTEM,3,ASN,sidechain,SYSTEM,26,ALA,sidechain,22.357764223577643
SYSTEM,35,ASN,sidechain,SYSTEM,38,ALA,sidechain,2.9997000299970003
SYSTEM,71,ASN,sidechain,SYSTEM,55,ARG,sidechain,0.46995300469953005
SYSTEM,71,ASN,sidechain,SYSTEM,69,ARG,sidechain,23.94760523947605
SYSTEM,102,ASN,sidechain,SYSTEM,101,ALA,sidechain,86.14138586141385
SYSTEM,102,ASN,sidechain,SYSTEM,103,ALA,sidechain,3.3796620337966203
SYSTEM,106,ASN,sidechain,SYSTEM,102,ASN,sidechain,1.1498850114988501
SYSTEM,108,ASN,sidechain,SYSTEM,101,ALA,sidechain,0.009999000099990002
SYSTEM,108,ASN,sidechain,SYSTEM,103,ALA,sidechain,9.71902809719028
SYSTEM,108,ASN,sidechain,SYSTEM,35,ASN,sidechain,0.8799120087991201
SYSTEM,108,ASN,sidechain,SYSTEM,102,ASN,sidechain,46.47535246475352
SYSTEM,108,ASN,sidechain,SYSTEM,106,ASN,sidechain,1.0498950104989502
SYSTEM,137,ASN,sidechain,SYSTEM,141,ALA,sidechain,0.55994400559944
SYSTEM,149,ASN,sidechain,SYSTEM,55,ARG,sidechain,0.07999200079992001
SYSTEM,149,ASN,sidechain,SYSTEM,148,ARG,sidechain,22.437756224377562
SYSTEM,9,ASP,sidechain,SYSTEM,11,ALA,sidechain,0.039996000399960006
SYSTEM,9,ASP,sidechain,SYSTEM,159,ALA,sidechain,72.10278972102789
SYSTEM,9,ASP,sidechain,SYSTEM,19,ARG,sidechain,99.91000899910009
SYSTEM,27,ASP,sidechain,SYSTEM,26,ALA,sidechain,97.13028697130287
SYSTEM,27,ASP,sidechain,SYSTEM,3,ASN,sidechain,28.347165283471654
SYSTEM,66,ASP,sidechain,SYSTEM,69,ARG,sidechain,3.7596240375962404
SYSTEM,66,ASP,sidechain,SYSTEM,71,ASN,sidechain,18.828117188281173
SYSTEM,85,ASP,sidechain,SYSTEM,103,ALA,sidechain,0.5999400059994
SYSTEM,85,ASP,sidechain,SYSTEM,87,ASN,sidechain,0.3899610038996101
SYSTEM,85,ASP,sidechain,SYSTEM,102,ASN,sidechain,20.967903209679033
SYSTEM,85,ASP,sidechain,SYSTEM,106,ASN,sidechain,11.258874112588742
SYSTEM,85,ASP,sidechain,SYSTEM,108,ASN,sidechain,42.465753424657535
SYSTEM,160,ASP,sidechain,SYSTEM,159,ALA,sidechain,40.46595340465953
SYSTEM,160,ASP,sidechain,SYSTEM,19,ARG,sidechain,0.029997000299970003
SYSTEM,160,ASP,sidechain,SYSTEM,9,ASP,sidechain,95.09049095090491
SYSTEM,115,CYS,sidechain,SYSTEM,117,ALA,sidechain,1.0998900109989
SYSTEM,161,CYS,sidechain,SYSTEM,160,ASP,sidechain,77.52224777522247
SYSTEM,63,GLN,sidechain,SYSTEM,101,ALA,sidechain,81.64183581641836
SYSTEM,63,GLN,sidechain,SYSTEM,103,ALA,sidechain,0.009999000099990002
SYSTEM,63,GLN,sidechain,SYSTEM,55,ARG,sidechain,76.36236376362365
SYSTEM,111,GLN,sidechain,SYSTEM,101,ALA,sidechain,96.1103889611039
SYSTEM,111,GLN,sidechain,SYSTEM,103,ALA,sidechain,47.29527047295271
SYSTEM,111,GLN,sidechain,SYSTEM,102,ASN,sidechain,23.347665233476654
SYSTEM,111,GLN,sidechain,SYSTEM,108,ASN,sidechain,0.009999000099990002
SYSTEM,111,GLN,sidechain,SYSTEM,66,ASP,sidechain,89.35106489351064
SYSTEM,111,GLN,sidechain,SYSTEM,63,GLN,sidechain,42.385761423857616
SYSTEM,163,GLN,sidechain,SYSTEM,37,ARG,sidechain,97.36026397360263
SYSTEM,15,GLU,sidechain,SYSTEM,144,ARG,sidechain,0.07999200079992001
SYSTEM,15,GLU,sidechain,SYSTEM,13,ASP,sidechain,0.84991500849915
SYSTEM,23,GLU,sidechain,SYSTEM,3,ASN,sidechain,96.010398960104
SYSTEM,34,GLU,sidechain,SYSTEM,26,ALA,sidechain,0.10998900109989002
SYSTEM,34,GLU,sidechain,SYSTEM,33,ALA,sidechain,0.55994400559944
SYSTEM,34,GLU,sidechain,SYSTEM,38,ALA,sidechain,97.42025797420258
SYSTEM,34,GLU,sidechain,SYSTEM,37,ARG,sidechain,99.73002699730027
SYSTEM,43,GLU,sidechain,SYSTEM,38,ALA,sidechain,99.94000599940006
SYSTEM,43,GLU,sidechain,SYSTEM,37,ARG,sidechain,98.09019098090191
SYSTEM,81,GLU,sidechain,SYSTEM,69,ARG,sidechain,0.009999000099990002
SYSTEM,81,GLU,sidechain,SYSTEM,106,ASN,sidechain,0.91990800919908
SYSTEM,81,GLU,sidechain,SYSTEM,108,ASN,sidechain,0.1999800019998
SYSTEM,84,GLU,sidechain,SYSTEM,103,ALA,sidechain,0.009999000099990002
SYSTEM,84,GLU,sidechain,SYSTEM,87,ASN,sidechain,17.228277172282773
SYSTEM,84,GLU,sidechain,SYSTEM,102,ASN,sidechain,0.14998500149985
SYSTEM,84,GLU,sidechain,SYSTEM,106,ASN,sidechain,8.98910108989101
SYSTEM,84,GLU,sidechain,SYSTEM,108,ASN,sidechain,0.0999900009999
SYSTEM,84,GLU,sidechain,SYSTEM,85,ASP,sidechain,12.138786121387861
SYSTEM,84,GLU,sidechain,SYSTEM,81,GLU,sidechain,0.10998900109989002
SYSTEM,86,GLU,sidechain,SYSTEM,87,ASN,sidechain,67.33326667333267
SYSTEM,86,GLU,sidechain,SYSTEM,108,ASN,sidechain,0.009999000099990002
SYSTEM,86,GLU,sidechain,SYSTEM,85,ASP,sidechain,1.3398660133986602
SYSTEM,86,GLU,sidechain,SYSTEM,84,GLU,sidechain,31.596840315968404
SYSTEM,120,GLU,sidechain,SYSTEM,123,ASP,sidechain,2.9497050294970504
SYSTEM,134,GLU,sidechain,SYSTEM,19,ARG,sidechain,0.009999000099990002
SYSTEM,134,GLU,sidechain,SYSTEM,137,ASN,sidechain,0.059994000599940006
SYSTEM,140,GLU,sidechain,SYSTEM,141,ALA,sidechain,18.098190180981902
SYSTEM,140,GLU,sidechain,SYSTEM,144,ARG,sidechain,25.577442255774425
SYSTEM,140,GLU,sidechain,SYSTEM,137,ASN,sidechain,38.65613438656134
SYSTEM,143,GLU,sidechain,SYSTEM,117,ALA,sidechain,0.029997000299970003
SYSTEM,143,GLU,sidechain,SYSTEM,144,ARG,sidechain,3.4896510348965104
SYSTEM,143,GLU,sidechain,SYSTEM,62,CYS,sidechain,30.93690630936906
SYSTEM,143,GLU,sidechain,SYSTEM,140,GLU,sidechain,6.27937206279372
SYSTEM,54,HIS,sidechain,SYSTEM,55,ARG,sidechain,13.14868513148685
SYSTEM,54,HIS,sidechain,SYSTEM,71,ASN,sidechain,3.04969503049695
SYSTEM,54,HIS,sidechain,SYSTEM,66,ASP,sidechain,77.4022597740226
SYSTEM,54,HIS,sidechain,SYSTEM,52,CYS,sidechain,39.986001399860015
SYSTEM,54,HIS,sidechain,SYSTEM,63,GLN,sidechain,60.343965603439656
SYSTEM,54,HIS,sidechain,SYSTEM,111,GLN,sidechain,7.119288071192881
SYSTEM,70,HIS,sidechain,SYSTEM,71,ASN,sidechain,0.35996400359964004
SYSTEM,70,HIS,sidechain,SYSTEM,66,ASP,sidechain,87.18128187181281
SYSTEM,70,HIS,sidechain,SYSTEM,52,CYS,sidechain,45.22547745225477
SYSTEM,70,HIS,sidechain,SYSTEM,54,HIS,sidechain,3.42965703429657
SYSTEM,92,HIS,sidechain,SYSTEM,123,ASP,sidechain,98.96010398960104
SYSTEM,92,HIS,sidechain,SYSTEM,115,CYS,sidechain,95.56044395560444
SYSTEM,126,HIS,sidechain,SYSTEM,101,ALA,sidechain,57.614238576142384
SYSTEM,126,HIS,sidechain,SYSTEM,103,ALA,sidechain,23.667633236676334
SYSTEM,126,HIS,sidechain,SYSTEM,102,ASN,sidechain,70.78292170782922
SYSTEM,126,HIS,sidechain,SYSTEM,85,ASP,sidechain,0.15998400159984003
SYSTEM,126,HIS,sidechain,SYSTEM,92,HIS,sidechain,0.06999300069993
SYSTEM,10,ILE,sidechain,SYSTEM,11,ALA,sidechain,7.619238076192381
SYSTEM,10,ILE,sidechain,SYSTEM,159,ALA,sidechain,0.11998800119988001
SYSTEM,56,ILE,sidechain,SYSTEM,62,CYS,sidechain,100.0
SYSTEM,56,ILE,sidechain,SYSTEM,143,GLU,sidechain,0.019998000199980003
SYSTEM,57,ILE,sidechain,SYSTEM,55,ARG,sidechain,63.87361263873612
SYSTEM,57,ILE,sidechain,SYSTEM,148,ARG,sidechain,12.868713128687132
SYSTEM,57,ILE,sidechain,SYSTEM,63,GLN,sidechain,1.9198080191980802
SYSTEM,78,ILE,sidechain,SYSTEM,38,ALA,sidechain,99.31006899310069
SYSTEM,78,ILE,sidechain,SYSTEM,35,ASN,sidechain,99.88001199880013
SYSTEM,78,ILE,sidechain,SYSTEM,34,GLU,sidechain,2.73972602739726
SYSTEM,78,ILE,sidechain,SYSTEM,43,GLU,sidechain,0.009999000099990002
SYSTEM,89,ILE,sidechain,SYSTEM,87,ASN,sidechain,47.11528847115288
SYSTEM,89,ILE,sidechain,SYSTEM,86,GLU,sidechain,0.08999100089991001
SYSTEM,97,ILE,sidechain,SYSTEM,115,CYS,sidechain,95.39046095390461
SYSTEM,97,ILE,sidechain,SYSTEM,92,HIS,sidechain,75.2124787521248
SYSTEM,114,ILE,sidechain,SYSTEM,62,CYS,sidechain,99.47005299470052
SYSTEM,138,ILE,sidechain,SYSTEM,141,ALA,sidechain,93.02069793020698
SYSTEM,138,ILE,sidechain,SYSTEM,137,ASN,sidechain,51.214878512148786
SYSTEM,138,ILE,sidechain,SYSTEM,10,ILE,sidechain,18.888111188881112
SYSTEM,156,ILE,sidechain,SYSTEM,52,CYS,sidechain,1.5898410158984102
SYSTEM,156,ILE,sidechain,SYSTEM,62,CYS,sidechain,0.029997000299970003
SYSTEM,156,ILE,sidechain,SYSTEM,10,ILE,sidechain,20.537946205379463
SYSTEM,156,ILE,sidechain,SYSTEM,56,ILE,sidechain,20.667933206679333
SYSTEM,158,ILE,sidechain,SYSTEM,159,ALA,sidechain,0.009999000099990002
SYSTEM,158,ILE,sidechain,SYSTEM,161,CYS,sidechain,92.75072492750725
SYSTEM,158,ILE,sidechain,SYSTEM,10,ILE,sidechain,62.003799620037995
SYSTEM,17,LEU,sidechain,SYSTEM,11,ALA,sidechain,0.51994800519948
SYSTEM,17,LEU,sidechain,SYSTEM,141,ALA,sidechain,97.05029497050295
SYSTEM,17,LEU,sidechain,SYSTEM,144,ARG,sidechain,0.019998000199980003
SYSTEM,17,LEU,sidechain,SYSTEM,15,GLU,sidechain,0.7099290070992901
SYSTEM,17,LEU,sidechain,SYSTEM,10,ILE,sidechain,72.71272872712728
SYSTEM,17,LEU,sidechain,SYSTEM,138,ILE,sidechain,96.990300969903
SYSTEM,17,LEU,sidechain,SYSTEM,156,ILE,sidechain,2.6097390260973903
SYSTEM,24,LEU,sidechain,SYSTEM,26,ALA,sidechain,46.595340465953406
SYSTEM,24,LEU,sidechain,SYSTEM,33,ALA,sidechain,99.98000199980001
SYSTEM,24,LEU,sidechain,SYSTEM,3,ASN,sidechain,0.029997000299970003
SYSTEM,39,LEU,sidechain,SYSTEM,38,ALA,sidechain,98.89011098890111
SYSTEM,39,LEU,sidechain,SYSTEM,35,ASN,sidechain,96.34036596340366
SYSTEM,39,LEU,sidechain,SYSTEM,78,ILE,sidechain,84.93150684931507
SYSTEM,90,LEU,sidechain,SYSTEM,87,ASN,sidechain,0.9399060093990601
SYSTEM,90,LEU,sidechain,SYSTEM,89,ILE,sidechain,93.92060793920608
SYSTEM,98,LEU,sidechain,SYSTEM,114,ILE,sidechain,88.33116688331167
SYSTEM,98,LEU,sidechain,SYSTEM,24,LEU,sidechain,0.06999300069993
SYSTEM,122,LEU,sidechain,SYSTEM,115,CYS,sidechain,10.50894910508949
SYSTEM,122,LEU,sidechain,SYSTEM,92,HIS,sidechain,96.7103289671033
SYSTEM,122,LEU,sidechain,SYSTEM,126,HIS,sidechain,99.8000199980002
SYSTEM,164,LEU,sidechain,SYSTEM,19,ARG,sidechain,1.7998200179982
SYSTEM,28,LYS,sidechain,SYSTEM,3,ASN,sidechain,0.06999300069993
SYSTEM,28,LYS,sidechain,SYSTEM,87,ASN,sidechain,0.06999300069993
SYSTEM,28,LYS,sidechain,SYSTEM,27,ASP,sidechain,23.32766723327667
SYSTEM,28,LYS,sidechain,SYSTEM,86,GLU,sidechain,0.0999900009999
SYSTEM,28,LYS,sidechain,SYSTEM,89,ILE,sidechain,54.224577542245775
SYSTEM,28,LYS,sidechain,SYSTEM,90,LEU,sidechain,82.73172682731726
SYSTEM,31,LYS,sidechain,SYSTEM,87,ASN,sidechain,4.15958404159584
SYSTEM,31,LYS,sidechain,SYSTEM,108,ASN,sidechain,0.23997600239976002
SYSTEM,31,LYS,sidechain,SYSTEM,85,ASP,sidechain,0.059994000599940006
SYSTEM,31,LYS,sidechain,SYSTEM,34,GLU,sidechain,0.0999900009999
SYSTEM,31,LYS,sidechain,SYSTEM,81,GLU,sidechain,20.227977202279774
SYSTEM,31,LYS,sidechain,SYSTEM,84,GLU,sidechain,20.977902209779025
SYSTEM,31,LYS,sidechain,SYSTEM,86,GLU,sidechain,43.84561543845615
SYSTEM,44,LYS,sidechain,SYSTEM,38,ALA,sidechain,81.3018698130187
SYSTEM,44,LYS,sidechain,SYSTEM,34,GLU,sidechain,0.14998500149985
SYSTEM,44,LYS,sidechain,SYSTEM,43,GLU,sidechain,79.76202379762024
SYSTEM,44,LYS,sidechain,SYSTEM,78,ILE,sidechain,96.90030996900309
SYSTEM,49,LYS,sidechain,SYSTEM,159,ALA,sidechain,0.06999300069993
SYSTEM,49,LYS,sidechain,SYSTEM,160,ASP,sidechain,98.25017498250175
SYSTEM,49,LYS,sidechain,SYSTEM,161,CYS,sidechain,85.5114488551145
SYSTEM,76,LYS,sidechain,SYSTEM,108,ASN,sidechain,1.1698830116988301
SYSTEM,76,LYS,sidechain,SYSTEM,81,GLU,sidechain,6.48935106489351
SYSTEM,76,LYS,sidechain,SYSTEM,78,ILE,sidechain,0.9099090090990901
SYSTEM,76,LYS,sidechain,SYSTEM,39,LEU,sidechain,0.13998600139986
SYSTEM,82,LYS,sidechain,SYSTEM,103,ALA,sidechain,7.229277072292771
SYSTEM,82,LYS,sidechain,SYSTEM,106,ASN,sidechain,7.599240075992402
SYSTEM,82,LYS,sidechain,SYSTEM,108,ASN,sidechain,20.35796420357964
SYSTEM,82,LYS,sidechain,SYSTEM,85,ASP,sidechain,3.5396460353964607
SYSTEM,82,LYS,sidechain,SYSTEM,81,GLU,sidechain,20.927907209279073
SYSTEM,82,LYS,sidechain,SYSTEM,84,GLU,sidechain,39.726027397260275
SYSTEM,82,LYS,sidechain,SYSTEM,86,GLU,sidechain,0.52994700529947
SYSTEM,82,LYS,sidechain,SYSTEM,31,LYS,sidechain,0.019998000199980003
SYSTEM,91,LYS,sidechain,SYSTEM,123,ASP,sidechain,98.72012798720128
SYSTEM,91,LYS,sidechain,SYSTEM,120,GLU,sidechain,0.2999700029997
SYSTEM,91,LYS,sidechain,SYSTEM,89,ILE,sidechain,0.04999500049995
SYSTEM,118,LYS,sidechain,SYSTEM,117,ALA,sidechain,0.22997700229977
SYSTEM,118,LYS,sidechain,SYSTEM,120,GLU,sidechain,96.19038096190381
SYSTEM,125,LYS,sidechain,SYSTEM,103,ALA,sidechain,3.8996100389961006
SYSTEM,125,LYS,sidechain,SYSTEM,102,ASN,sidechain,7.329267073292671
SYSTEM,125,LYS,sidechain,SYSTEM,106,ASN,sidechain,0.04999500049995
SYSTEM,125,LYS,sidechain,SYSTEM,85,ASP,sidechain,0.029997000299970003
SYSTEM,125,LYS,sidechain,SYSTEM,126,HIS,sidechain,36.996300369963
SYSTEM,125,LYS,sidechain,SYSTEM,122,LEU,sidechain,38.066193380661936
SYSTEM,131,LYS,sidechain,SYSTEM,23,GLU,sidechain,55.874412558744126
SYSTEM,131,LYS,sidechain,SYSTEM,97,ILE,sidechain,35.136486351364866
SYSTEM,131,LYS,sidechain,SYSTEM,90,LEU,sidechain,0.019998000199980003
SYSTEM,133,LYS,sidechain,SYSTEM,23,GLU,sidechain,99.79002099790021
SYSTEM,133,LYS,sidechain,SYSTEM,134,GLU,sidechain,16.548345165483454
SYSTEM,133,LYS,sidechain,SYSTEM,131,LYS,sidechain,3.5096490350964906
SYSTEM,151,LYS,sidechain,SYSTEM,55,ARG,sidechain,2.8797120287971203
SYSTEM,151,LYS,sidechain,SYSTEM,71,ASN,sidechain,2.18978102189781
SYSTEM,151,LYS,sidechain,SYSTEM,149,ASN,sidechain,32.26677332266774
SYSTEM,151,LYS,sidechain,SYSTEM,52,CYS,sidechain,0.039996000399960006
SYSTEM,151,LYS,sidechain,SYSTEM,54,HIS,sidechain,1.5598440155984403
SYSTEM,151,LYS,sidechain,SYSTEM,70,HIS,sidechain,0.019998000199980003
SYSTEM,154,LYS,sidechain,SYSTEM,13,ASP,sidechain,75.01249875012499
SYSTEM,154,LYS,sidechain,SYSTEM,15,GLU,sidechain,0.0999900009999
SYSTEM,154,LYS,sidechain,SYSTEM,156,ILE,sidechain,0.9099090090990901
SYSTEM,155,LYS,sidechain,SYSTEM,13,ASP,sidechain,42.92570742925707
SYSTEM,155,LYS,sidechain,SYSTEM,52,CYS,sidechain,76.18238176182382
SYSTEM,155,LYS,sidechain,SYSTEM,54,HIS,sidechain,0.0999900009999
SYSTEM,155,LYS,sidechain,SYSTEM,70,HIS,sidechain,0.21997800219978003
SYSTEM,155,LYS,sidechain,SYSTEM,154,LYS,sidechain,0.14998500149985
SYSTEM,61,MET,sidechain,SYSTEM,101,ALA,sidechain,0.019998000199980003
SYSTEM,61,MET,sidechain,SYSTEM,55,ARG,sidechain,29.76702329767023
SYSTEM,61,MET,sidechain,SYSTEM,62,CYS,sidechain,0.3999600039996
SYSTEM,61,MET,sidechain,SYSTEM,115,CYS,sidechain,20.047995200479953
SYSTEM,61,MET,sidechain,SYSTEM,63,GLN,sidechain,92.26077392260774
SYSTEM,61,MET,sidechain,SYSTEM,126,HIS,sidechain,0.06999300069993
SYSTEM,61,MET,sidechain,SYSTEM,57,ILE,sidechain,92.56074392560744
SYSTEM,61,MET,sidechain,SYSTEM,122,LEU,sidechain,2.9997000299970003
SYSTEM,100,MET,sidechain,SYSTEM,101,ALA,sidechain,58.49415058494151
SYSTEM,100,MET,sidechain,SYSTEM,103,ALA,sidechain,4.14958504149585
SYSTEM,100,MET,sidechain,SYSTEM,35,ASN,sidechain,7.139286071392862
SYSTEM,100,MET,sidechain,SYSTEM,102,ASN,sidechain,20.857914208579142
SYSTEM,100,MET,sidechain,SYSTEM,108,ASN,sidechain,46.335366463353665
SYSTEM,100,MET,sidechain,SYSTEM,85,ASP,sidechain,0.52994700529947
SYSTEM,100,MET,sidechain,SYSTEM,111,GLN,sidechain,0.009999000099990002
SYSTEM,136,MET,sidechain,SYSTEM,137,ASN,sidechain,1.8298170182981701
SYSTEM,136,MET,sidechain,SYSTEM,134,GLU,sidechain,0.37996200379962003
SYSTEM,136,MET,sidechain,SYSTEM,140,GLU,sidechain,23.55764423557644
SYSTEM,136,MET,sidechain,SYSTEM,114,ILE,sidechain,0.019998000199980003
SYSTEM,136,MET,sidechain,SYSTEM,131,LYS,sidechain,0.029997000299970003
SYSTEM,142,MET,sidechain,SYSTEM,141,ALA,sidechain,3.3296670332966705
SYSTEM,142,MET,sidechain,SYSTEM,62,CYS,sidechain,99.90000999900009
SYSTEM,142,MET,sidechain,SYSTEM,10,ILE,sidechain,94.43055694430556
SYSTEM,142,MET,sidechain,SYSTEM,56,ILE,sidechain,48.95510448955104
SYSTEM,142,MET,sidechain,SYSTEM,114,ILE,sidechain,19.94800519948005
SYSTEM,142,MET,sidechain,SYSTEM,138,ILE,sidechain,0.6899310068993101
SYSTEM,142,MET,sidechain,SYSTEM,156,ILE,sidechain,94.96050394960504
SYSTEM,142,MET,sidechain,SYSTEM,17,LEU,sidechain,4.119588041195881
SYSTEM,7,PHE,sidechain,SYSTEM,19,ARG,sidechain,99.93000699930008
SYSTEM,7,PHE,sidechain,SYSTEM,9,ASP,sidechain,67.6132386761324
SYSTEM,7,PHE,sidechain,SYSTEM,160,ASP,sidechain,4.58954104589541
SYSTEM,7,PHE,sidechain,SYSTEM,161,CYS,sidechain,0.029997000299970003
SYSTEM,7,PHE,sidechain,SYSTEM,164,LEU,sidechain,89.23107689231077
SYSTEM,8,PHE,sidechain,SYSTEM,161,CYS,sidechain,96.62033796620338
SYSTEM,8,PHE,sidechain,SYSTEM,10,ILE,sidechain,0.41995800419958007
SYSTEM,8,PHE,sidechain,SYSTEM,158,ILE,sidechain,100.0
SYSTEM,22,PHE,sidechain,SYSTEM,114,ILE,sidechain,43.88561143885612
SYSTEM,22,PHE,sidechain,SYSTEM,24,LEU,sidechain,0.13998600139986
SYSTEM,22,PHE,sidechain,SYSTEM,98,LEU,sidechain,100.0
SYSTEM,22,PHE,sidechain,SYSTEM,8,PHE,sidechain,94.85051494850515
SYSTEM,25,PHE,sidechain,SYSTEM,3,ASN,sidechain,63.773622637736224
SYSTEM,25,PHE,sidechain,SYSTEM,27,ASP,sidechain,0.24997500249975005
SYSTEM,25,PHE,sidechain,SYSTEM,23,GLU,sidechain,42.465753424657535
SYSTEM,25,PHE,sidechain,SYSTEM,90,LEU,sidechain,93.1006899310069
SYSTEM,25,PHE,sidechain,SYSTEM,28,LYS,sidechain,42.03579642035796
SYSTEM,25,PHE,sidechain,SYSTEM,131,LYS,sidechain,41.485851414858516
SYSTEM,36,PHE,sidechain,SYSTEM,24,LEU,sidechain,97.54024597540246
SYSTEM,36,PHE,sidechain,SYSTEM,98,LEU,sidechain,98.71012898710129
SYSTEM,36,PHE,sidechain,SYSTEM,100,MET,sidechain,0.47995200479952005
SYSTEM,36,PHE,sidechain,SYSTEM,8,PHE,sidechain,5.059494050594941
SYSTEM,36,PHE,sidechain,SYSTEM,22,PHE,sidechain,20.18798120187981
SYSTEM,46,PHE,sidechain,SYSTEM,161,CYS,sidechain,0.21997800219978003
SYSTEM,46,PHE,sidechain,SYSTEM,78,ILE,sidechain,6.03939606039396
SYSTEM,46,PHE,sidechain,SYSTEM,39,LEU,sidechain,42.90570942905709
SYSTEM,46,PHE,sidechain,SYSTEM,44,LYS,sidechain,11.85881411858814
SYSTEM,46,PHE,sidechain,SYSTEM,49,LYS,sidechain,3.0396960303969602
SYSTEM,46,PHE,sidechain,SYSTEM,76,LYS,sidechain,89.66103389661035
SYSTEM,53,PHE,sidechain,SYSTEM,52,CYS,sidechain,0.009999000099990002
SYSTEM,53,PHE,sidechain,SYSTEM,62,CYS,sidechain,61.213878612138785
SYSTEM,53,PHE,sidechain,SYSTEM,10,ILE,sidechain,10.648935106489352
SYSTEM,53,PHE,sidechain,SYSTEM,56,ILE,sidechain,15.298470152984702
SYSTEM,53,PHE,sidechain,SYSTEM,114,ILE,sidechain,0.14998500149985
SYSTEM,53,PHE,sidechain,SYSTEM,156,ILE,sidechain,88.48115188481151
SYSTEM,53,PHE,sidechain,SYSTEM,158,ILE,sidechain,38.02619738026197
SYSTEM,53,PHE,sidechain,SYSTEM,142,MET,sidechain,98.18018198180182
SYSTEM,60,PHE,sidechain,SYSTEM,117,ALA,sidechain,5.499450054994501
SYSTEM,60,PHE,sidechain,SYSTEM,148,ARG,sidechain,1.8098190180981903
SYSTEM,60,PHE,sidechain,SYSTEM,115,CYS,sidechain,0.17998200179982002
SYSTEM,60,PHE,sidechain,SYSTEM,57,ILE,sidechain,95.33046695330466
SYSTEM,60,PHE,sidechain,SYSTEM,122,LEU,sidechain,4.20957904209579
SYSTEM,60,PHE,sidechain,SYSTEM,61,MET,sidechain,89.02109789021098
SYSTEM,67,PHE,sidechain,SYSTEM,66,ASP,sidechain,0.059994000599940006
SYSTEM,67,PHE,sidechain,SYSTEM,39,LEU,sidechain,46.61533846615338
SYSTEM,67,PHE,sidechain,SYSTEM,76,LYS,sidechain,7.929207079292071
SYSTEM,67,PHE,sidechain,SYSTEM,46,PHE,sidechain,6.33936606339366
SYSTEM,83,PHE,sidechain,SYSTEM,103,ALA,sidechain,12.22877712228777
SYSTEM,83,PHE,sidechain,SYSTEM,35,ASN,sidechain,50.774922507749224
SYSTEM,83,PHE,sidechain,SYSTEM,87,ASN,sidechain,14.538546145385462
SYSTEM,83,PHE,sidechain,SYSTEM,102,ASN,sidechain,0.17998200179982002
SYSTEM,83,PHE,sidechain,SYSTEM,108,ASN,sidechain,56.144385561443855
SYSTEM,83,PHE,sidechain,SYSTEM,85,ASP,sidechain,1.4498550144985503
SYSTEM,83,PHE,sidechain,SYSTEM,81,GLU,sidechain,7.309269073092691
SYSTEM,83,PHE,sidechain,SYSTEM,84,GLU,sidechain,11.598840115988402
SYSTEM,83,PHE,sidechain,SYSTEM,86,GLU,sidechain,0.6799320067993201
SYSTEM,83,PHE,sidechain,SYSTEM,78,ILE,sidechain,1.08989101089891
SYSTEM,83,PHE,sidechain,SYSTEM,31,LYS,sidechain,40.62593740625937
SYSTEM,83,PHE,sidechain,SYSTEM,82,LYS,sidechain,0.30996900309969005
SYSTEM,83,PHE,sidechain,SYSTEM,100,MET,sidechain,11.508849115088491
SYSTEM,88,PHE,sidechain,SYSTEM,103,ALA,sidechain,2.34976502349765
SYSTEM,88,PHE,sidechain,SYSTEM,87,ASN,sidechain,5.55944405559444
SYSTEM,88,PHE,sidechain,SYSTEM,102,ASN,sidechain,0.13998600139986
SYSTEM,88,PHE,sidechain,SYSTEM,85,ASP,sidechain,26.047395260473955
SYSTEM,88,PHE,sidechain,SYSTEM,86,GLU,sidechain,1.08989101089891
SYSTEM,88,PHE,sidechain,SYSTEM,125,LYS,sidechain,0.009999000099990002
SYSTEM,88,PHE,sidechain,SYSTEM,83,PHE,sidechain,1.2798720127987202
SYSTEM,112,PHE,sidechain,SYSTEM,114,ILE,sidechain,11.968803119688031
SYSTEM,112,PHE,sidechain,SYSTEM,98,LEU,sidechain,61.9038096190381
SYSTEM,112,PHE,sidechain,SYSTEM,100,MET,sidechain,0.009999000099990002
SYSTEM,112,PHE,sidechain,SYSTEM,8,PHE,sidechain,4.25957404259574
SYSTEM,112,PHE,sidechain,SYSTEM,36,PHE,sidechain,94.85051494850515
SYSTEM,112,PHE,sidechain,SYSTEM,53,PHE,sidechain,0.7599240075992401
SYSTEM,113,PHE,sidechain,SYSTEM,101,ALA,sidechain,99.25007499250074
SYSTEM,113,PHE,sidechain,SYSTEM,115,CYS,sidechain,73.98260173982601
SYSTEM,113,PHE,sidechain,SYSTEM,63,GLN,sidechain,85.22147785221478
SYSTEM,113,PHE,sidechain,SYSTEM,111,GLN,sidechain,0.18998100189981001
SYSTEM,113,PHE,sidechain,SYSTEM,126,HIS,sidechain,91.57084291570843
SYSTEM,113,PHE,sidechain,SYSTEM,122,LEU,sidechain,20.877912208779122
SYSTEM,113,PHE,sidechain,SYSTEM,61,MET,sidechain,99.96000399960005
SYSTEM,113,PHE,sidechain,SYSTEM,60,PHE,sidechain,0.11998800119988001
SYSTEM,129,PHE,sidechain,SYSTEM,33,ALA,sidechain,81.79182081791821
SYSTEM,129,PHE,sidechain,SYSTEM,24,LEU,sidechain,61.32386761323868
SYSTEM,129,PHE,sidechain,SYSTEM,98,LEU,sidechain,100.0
SYSTEM,129,PHE,sidechain,SYSTEM,100,MET,sidechain,91.56084391560843
SYSTEM,129,PHE,sidechain,SYSTEM,36,PHE,sidechain,97.69023097690231
SYSTEM,145,PHE,sidechain,SYSTEM,141,ALA,sidechain,9.969003099690031
SYSTEM,145,PHE,sidechain,SYSTEM,144,ARG,sidechain,18.388161183881614
SYSTEM,145,PHE,sidechain,SYSTEM,156,ILE,sidechain,76.7923207679232
SYSTEM,145,PHE,sidechain,SYSTEM,17,LEU,sidechain,9.669033096690331
SYSTEM,145,PHE,sidechain,SYSTEM,154,LYS,sidechain,83.54164583541646
SYSTEM,145,PHE,sidechain,SYSTEM,142,MET,sidechain,0.009999000099990002
SYSTEM,4,PRO,sidechain,SYSTEM,26,ALA,sidechain,99.09009099090092
SYSTEM,4,PRO,sidechain,SYSTEM,33,ALA,sidechain,13.258674132586743
SYSTEM,4,PRO,sidechain,SYSTEM,37,ARG,sidechain,12.57874212578742
SYSTEM,4,PRO,sidechain,SYSTEM,3,ASN,sidechain,17.28827117288271
SYSTEM,4,PRO,sidechain,SYSTEM,163,GLN,sidechain,30.16698330166983
SYSTEM,4,PRO,sidechain,SYSTEM,23,GLU,sidechain,0.019998000199980003
SYSTEM,4,PRO,sidechain,SYSTEM,24,LEU,sidechain,98.4101589841016
SYSTEM,16,PRO,sidechain,SYSTEM,11,ALA,sidechain,95.73042695730427
SYSTEM,16,PRO,sidechain,SYSTEM,159,ALA,sidechain,7.059294070592941
SYSTEM,16,PRO,sidechain,SYSTEM,9,ASP,sidechain,0.58994100589941
SYSTEM,16,PRO,sidechain,SYSTEM,15,GLU,sidechain,63.11368863113689
SYSTEM,30,PRO,sidechain,SYSTEM,26,ALA,sidechain,17.66823317668233
SYSTEM,30,PRO,sidechain,SYSTEM,33,ALA,sidechain,5.61943805619438
SYSTEM,30,PRO,sidechain,SYSTEM,87,ASN,sidechain,17.768223177682234
SYSTEM,30,PRO,sidechain,SYSTEM,84,GLU,sidechain,0.029997000299970003
SYSTEM,30,PRO,sidechain,SYSTEM,86,GLU,sidechain,37.876212378762126
SYSTEM,30,PRO,sidechain,SYSTEM,31,LYS,sidechain,74.3925607439256
SYSTEM,58,PRO,sidechain,SYSTEM,144,ARG,sidechain,0.27997200279972
SYSTEM,58,PRO,sidechain,SYSTEM,148,ARG,sidechain,43.83561643835616
SYSTEM,58,PRO,sidechain,SYSTEM,143,GLU,sidechain,99.21007899210079
SYSTEM,58,PRO,sidechain,SYSTEM,56,ILE,sidechain,2.0297970202979703
SYSTEM,58,PRO,sidechain,SYSTEM,57,ILE,sidechain,84.87151284871513
SYSTEM,95,PRO,sidechain,SYSTEM,117,ALA,sidechain,77.97220277972204
SYSTEM,95,PRO,sidechain,SYSTEM,115,CYS,sidechain,0.029997000299970003
SYSTEM,95,PRO,sidechain,SYSTEM,140,GLU,sidechain,0.17998200179982002
SYSTEM,95,PRO,sidechain,SYSTEM,118,LYS,sidechain,1.1298870112988701
SYSTEM,95,PRO,sidechain,SYSTEM,136,MET,sidechain,14.18858114188581
SYSTEM,105,PRO,sidechain,SYSTEM,102,ASN,sidechain,0.23997600239976002
SYSTEM,105,PRO,sidechain,SYSTEM,106,ASN,sidechain,78.91210878912108
SYSTEM,105,PRO,sidechain,SYSTEM,85,ASP,sidechain,2.6697330266973305
SYSTEM,105,PRO,sidechain,SYSTEM,84,GLU,sidechain,0.0999900009999
SYSTEM,105,PRO,sidechain,SYSTEM,82,LYS,sidechain,5.31946805319468
SYSTEM,105,PRO,sidechain,SYSTEM,125,LYS,sidechain,0.029997000299970003
SYSTEM,105,PRO,sidechain,SYSTEM,83,PHE,sidechain,0.47995200479952005
SYSTEM,105,PRO,sidechain,SYSTEM,88,PHE,sidechain,0.32996700329967
SYSTEM,21,SER,sidechain,SYSTEM,19,ARG,sidechain,32.516748325167484
SYSTEM,21,SER,sidechain,SYSTEM,134,GLU,sidechain,73.43265673432656
SYSTEM,21,SER,sidechain,SYSTEM,164,LEU,sidechain,21.57784221577842
SYSTEM,21,SER,sidechain,SYSTEM,133,LYS,sidechain,53.884611538846116
SYSTEM,21,SER,sidechain,SYSTEM,7,PHE,sidechain,21.647835216478352
SYSTEM,21,SER,sidechain,SYSTEM,22,PHE,sidechain,0.7099290070992901
SYSTEM,40,SER,sidechain,SYSTEM,37,ARG,sidechain,0.009999000099990002
SYSTEM,40,SER,sidechain,SYSTEM,161,CYS,sidechain,99.90000999900009
SYSTEM,40,SER,sidechain,SYSTEM,163,GLN,sidechain,0.36996300369963003
SYSTEM,40,SER,sidechain,SYSTEM,8,PHE,sidechain,85.23147685231477
SYSTEM,40,SER,sidechain,SYSTEM,36,PHE,sidechain,97.6102389761024
SYSTEM,51,SER,sidechain,SYSTEM,66,ASP,sidechain,0.059994000599940006
SYSTEM,51,SER,sidechain,SYSTEM,52,CYS,sidechain,28.927107289271074
SYSTEM,51,SER,sidechain,SYSTEM,54,HIS,sidechain,0.059994000599940006
SYSTEM,51,SER,sidechain,SYSTEM,70,HIS,sidechain,31.366863313668635
SYSTEM,51,SER,sidechain,SYSTEM,158,ILE,sidechain,99.72002799720028
SYSTEM,51,SER,sidechain,SYSTEM,53,PHE,sidechain,0.16998300169983002
SYSTEM,51,SER,sidechain,SYSTEM,67,PHE,sidechain,56.76432356764324
SYSTEM,77,SER,sidechain,SYSTEM,35,ASN,sidechain,99.94000599940006
SYSTEM,77,SER,sidechain,SYSTEM,102,ASN,sidechain,0.1999800019998
SYSTEM,77,SER,sidechain,SYSTEM,108,ASN,sidechain,29.73702629737026
SYSTEM,77,SER,sidechain,SYSTEM,81,GLU,sidechain,0.8899110088991101
SYSTEM,77,SER,sidechain,SYSTEM,78,ILE,sidechain,77.5922407759224
SYSTEM,77,SER,sidechain,SYSTEM,39,LEU,sidechain,2.9197080291970803
SYSTEM,77,SER,sidechain,SYSTEM,76,LYS,sidechain,1.6898310168983102
SYSTEM,77,SER,sidechain,SYSTEM,82,LYS,sidechain,0.0999900009999
SYSTEM,77,SER,sidechain,SYSTEM,100,MET,sidechain,0.23997600239976002
SYSTEM,77,SER,sidechain,SYSTEM,83,PHE,sidechain,51.144885511448855
SYSTEM,99,SER,sidechain,SYSTEM,101,ALA,sidechain,0.14998500149985
SYSTEM,99,SER,sidechain,SYSTEM,115,CYS,sidechain,93.42065793420657
SYSTEM,99,SER,sidechain,SYSTEM,92,HIS,sidechain,99.96000399960005
SYSTEM,99,SER,sidechain,SYSTEM,126,HIS,sidechain,90.01099890010998
SYSTEM,99,SER,sidechain,SYSTEM,97,ILE,sidechain,5.829417058294171
SYSTEM,99,SER,sidechain,SYSTEM,122,LEU,sidechain,11.08889111088891
SYSTEM,99,SER,sidechain,SYSTEM,113,PHE,sidechain,92.26077392260774
SYSTEM,99,SER,sidechain,SYSTEM,129,PHE,sidechain,0.04999500049995
SYSTEM,110,SER,sidechain,SYSTEM,103,ALA,sidechain,1.05989401059894
SYSTEM,110,SER,sidechain,SYSTEM,35,ASN,sidechain,24.517548245175483
SYSTEM,110,SER,sidechain,SYSTEM,102,ASN,sidechain,2.9097090290970904
SYSTEM,110,SER,sidechain,SYSTEM,108,ASN,sidechain,0.3999600039996
SYSTEM,110,SER,sidechain,SYSTEM,66,ASP,sidechain,0.029997000299970003
SYSTEM,110,SER,sidechain,SYSTEM,111,GLN,sidechain,65.7934206579342
SYSTEM,110,SER,sidechain,SYSTEM,39,LEU,sidechain,88.7911208879112
SYSTEM,110,SER,sidechain,SYSTEM,100,MET,sidechain,1.7498250174982501
SYSTEM,110,SER,sidechain,SYSTEM,67,PHE,sidechain,79.43205679432057
SYSTEM,110,SER,sidechain,SYSTEM,77,SER,sidechain,42.79572042795721
SYSTEM,147,SER,sidechain,SYSTEM,55,ARG,sidechain,0.3999600039996
SYSTEM,147,SER,sidechain,SYSTEM,148,ARG,sidechain,2.9597040295970403
SYSTEM,147,SER,sidechain,SYSTEM,149,ASN,sidechain,70.18298170182982
SYSTEM,147,SER,sidechain,SYSTEM,57,ILE,sidechain,0.009999000099990002
SYSTEM,147,SER,sidechain,SYSTEM,151,LYS,sidechain,12.4987501249875
SYSTEM,147,SER,sidechain,SYSTEM,154,LYS,sidechain,0.019998000199980003
SYSTEM,147,SER,sidechain,SYSTEM,58,PRO,sidechain,3.8396160383961604
SYSTEM,153,SER,sidechain,SYSTEM,149,ASN,sidechain,0.009999000099990002
SYSTEM,153,SER,sidechain,SYSTEM,151,LYS,sidechain,12.118788121187881
SYSTEM,153,SER,sidechain,SYSTEM,154,LYS,sidechain,50.67493250674933
SYSTEM,153,SER,sidechain,SYSTEM,155,LYS,sidechain,0.10998900109989002
SYSTEM,153,SER,sidechain,SYSTEM,145,PHE,sidechain,29.667033296670333
SYSTEM,153,SER,sidechain,SYSTEM,147,SER,sidechain,11.328867113288672
SYSTEM,5,THR,sidechain,SYSTEM,3,ASN,sidechain,0.009999000099990002
SYSTEM,5,THR,sidechain,SYSTEM,163,GLN,sidechain,0.019998000199980003
SYSTEM,5,THR,sidechain,SYSTEM,23,GLU,sidechain,36.646335366463354
SYSTEM,5,THR,sidechain,SYSTEM,164,LEU,sidechain,98.5001499850015
SYSTEM,5,THR,sidechain,SYSTEM,133,LYS,sidechain,87.4012598740126
SYSTEM,5,THR,sidechain,SYSTEM,7,PHE,sidechain,3.4696530346965306
SYSTEM,5,THR,sidechain,SYSTEM,4,PRO,sidechain,0.009999000099990002
SYSTEM,5,THR,sidechain,SYSTEM,21,SER,sidechain,79.57204279572044
SYSTEM,32,THR,sidechain,SYSTEM,33,ALA,sidechain,96.31036896310368
SYSTEM,32,THR,sidechain,SYSTEM,103,ALA,sidechain,0.009999000099990002
SYSTEM,32,THR,sidechain,SYSTEM,35,ASN,sidechain,12.838716128387162
SYSTEM,32,THR,sidechain,SYSTEM,87,ASN,sidechain,8.05919408059194
SYSTEM,32,THR,sidechain,SYSTEM,102,ASN,sidechain,0.019998000199980003
SYSTEM,32,THR,sidechain,SYSTEM,108,ASN,sidechain,2.4197580241975802
SYSTEM,32,THR,sidechain,SYSTEM,85,ASP,sidechain,2.6797320267973204
SYSTEM,32,THR,sidechain,SYSTEM,86,GLU,sidechain,39.606039396060396
SYSTEM,32,THR,sidechain,SYSTEM,31,LYS,sidechain,0.26997300269973
SYSTEM,32,THR,sidechain,SYSTEM,100,MET,sidechain,99.1000899910009
SYSTEM,32,THR,sidechain,SYSTEM,83,PHE,sidechain,48.84511548845116
SYSTEM,32,THR,sidechain,SYSTEM,129,PHE,sidechain,99.93000699930008
SYSTEM,41,THR,sidechain,SYSTEM,38,ALA,sidechain,96.08039196080392
SYSTEM,41,THR,sidechain,SYSTEM,37,ARG,sidechain,99.30006999300069
SYSTEM,41,THR,sidechain,SYSTEM,163,GLN,sidechain,93.77062293770622
SYSTEM,41,THR,sidechain,SYSTEM,43,GLU,sidechain,99.98000199980001
SYSTEM,41,THR,sidechain,SYSTEM,40,SER,sidechain,90.92090790920908
SYSTEM,68,THR,sidechain,SYSTEM,69,ARG,sidechain,42.97570242975702
SYSTEM,68,THR,sidechain,SYSTEM,66,ASP,sidechain,99.48005199480052
SYSTEM,68,THR,sidechain,SYSTEM,81,GLU,sidechain,0.039996000399960006
SYSTEM,68,THR,sidechain,SYSTEM,70,HIS,sidechain,0.029997000299970003
SYSTEM,68,THR,sidechain,SYSTEM,76,LYS,sidechain,41.445855414458556
SYSTEM,68,THR,sidechain,SYSTEM,46,PHE,sidechain,0.029997000299970003
SYSTEM,68,THR,sidechain,SYSTEM,67,PHE,sidechain,99.23007699230078
SYSTEM,73,THR,sidechain,SYSTEM,103,ALA,sidechain,2.42975702429757
SYSTEM,73,THR,sidechain,SYSTEM,55,ARG,sidechain,0.37996200379962003
SYSTEM,73,THR,sidechain,SYSTEM,69,ARG,sidechain,81.28187181281872
SYSTEM,73,THR,sidechain,SYSTEM,71,ASN,sidechain,96.79032096790321
SYSTEM,73,THR,sidechain,SYSTEM,66,ASP,sidechain,51.68483151684832
SYSTEM,73,THR,sidechain,SYSTEM,111,GLN,sidechain,0.04999500049995
SYSTEM,93,THR,sidechain,SYSTEM,120,GLU,sidechain,0.23997600239976002
SYSTEM,93,THR,sidechain,SYSTEM,97,ILE,sidechain,69.73302669733027
SYSTEM,93,THR,sidechain,SYSTEM,91,LYS,sidechain,27.207279272072793
SYSTEM,93,THR,sidechain,SYSTEM,118,LYS,sidechain,9.919008099190082
SYSTEM,93,THR,sidechain,SYSTEM,131,LYS,sidechain,1.4398560143985601
SYSTEM,107,THR,sidechain,SYSTEM,103,ALA,sidechain,76.06239376062393
SYSTEM,107,THR,sidechain,SYSTEM,69,ARG,sidechain,0.039996000399960006
SYSTEM,107,THR,sidechain,SYSTEM,102,ASN,sidechain,27.447255274472553
SYSTEM,107,THR,sidechain,SYSTEM,106,ASN,sidechain,0.47995200479952005
SYSTEM,107,THR,sidechain,SYSTEM,108,ASN,sidechain,24.897510248975102
SYSTEM,107,THR,sidechain,SYSTEM,85,ASP,sidechain,0.14998500149985
SYSTEM,107,THR,sidechain,SYSTEM,81,GLU,sidechain,0.27997200279972
SYSTEM,107,THR,sidechain,SYSTEM,84,GLU,sidechain,0.13998600139986
SYSTEM,107,THR,sidechain,SYSTEM,76,LYS,sidechain,0.10998900109989002
SYSTEM,107,THR,sidechain,SYSTEM,82,LYS,sidechain,30.856914308569145
SYSTEM,107,THR,sidechain,SYSTEM,100,MET,sidechain,1.6698330166983304
SYSTEM,107,THR,sidechain,SYSTEM,83,PHE,sidechain,6.359364063593641
SYSTEM,107,THR,sidechain,SYSTEM,88,PHE,sidechain,0.08999100089991001
SYSTEM,107,THR,sidechain,SYSTEM,105,PRO,sidechain,4.579542045795421
SYSTEM,107,THR,sidechain,SYSTEM,77,SER,sidechain,8.889111088891111
SYSTEM,107,THR,sidechain,SYSTEM,110,SER,sidechain,0.019998000199980003
SYSTEM,116,THR,sidechain,SYSTEM,117,ALA,sidechain,99.9900009999
SYSTEM,116,THR,sidechain,SYSTEM,62,CYS,sidechain,98.35016498350166
SYSTEM,116,THR,sidechain,SYSTEM,115,CYS,sidechain,0.1999800019998
SYSTEM,116,THR,sidechain,SYSTEM,140,GLU,sidechain,0.6199380061993801
SYSTEM,116,THR,sidechain,SYSTEM,143,GLU,sidechain,100.0
SYSTEM,116,THR,sidechain,SYSTEM,114,ILE,sidechain,0.04999500049995
SYSTEM,116,THR,sidechain,SYSTEM,95,PRO,sidechain,0.30996900309969005
SYSTEM,119,THR,sidechain,SYSTEM,117,ALA,sidechain,74.73252674732527
SYSTEM,119,THR,sidechain,SYSTEM,115,CYS,sidechain,98.12018798120188
SYSTEM,119,THR,sidechain,SYSTEM,120,GLU,sidechain,0.52994700529947
SYSTEM,119,THR,sidechain,SYSTEM,92,HIS,sidechain,96.51034896510349
SYSTEM,119,THR,sidechain,SYSTEM,122,LEU,sidechain,99.97000299970003
SYSTEM,119,THR,sidechain,SYSTEM,61,MET,sidechain,6.64933506649335
SYSTEM,119,THR,sidechain,SYSTEM,60,PHE,sidechain,69.32306769323068
SYSTEM,119,THR,sidechain,SYSTEM,113,PHE,sidechain,0.4999500049995001
SYSTEM,152,THR,sidechain,SYSTEM,55,ARG,sidechain,1.3498650134986503
SYSTEM,152,THR,sidechain,SYSTEM,149,ASN,sidechain,0.009999000099990002
SYSTEM,152,THR,sidechain,SYSTEM,52,CYS,sidechain,2.2897710228977104
SYSTEM,152,THR,sidechain,SYSTEM,54,HIS,sidechain,0.06999300069993
SYSTEM,152,THR,sidechain,SYSTEM,70,HIS,sidechain,0.009999000099990002
SYSTEM,152,THR,sidechain,SYSTEM,56,ILE,sidechain,91.39086091390861
SYSTEM,152,THR,sidechain,SYSTEM,156,ILE,sidechain,22.717728227177282
SYSTEM,152,THR,sidechain,SYSTEM,151,LYS,sidechain,3.5396460353964607
SYSTEM,152,THR,sidechain,SYSTEM,154,LYS,sidechain,0.08999100089991001
SYSTEM,152,THR,sidechain,SYSTEM,155,LYS,sidechain,1.2098790120987901
SYSTEM,152,THR,sidechain,SYSTEM,145,PHE,sidechain,0.039996000399960006
SYSTEM,152,THR,sidechain,SYSTEM,147,SER,sidechain,16.848315168483154
SYSTEM,152,THR,sidechain,SYSTEM,153,SER,sidechain,21.287871212878713
SYSTEM,157,THR,sidechain,SYSTEM,11,ALA,sidechain,94.62053794620537
SYSTEM,157,THR,sidechain,SYSTEM,159,ALA,sidechain,60.643935606439356
SYSTEM,157,THR,sidechain,SYSTEM,13,ASP,sidechain,0.3999600039996
SYSTEM,157,THR,sidechain,SYSTEM,52,CYS,sidechain,85.87141285871412
SYSTEM,157,THR,sidechain,SYSTEM,156,ILE,sidechain,0.18998100189981001
SYSTEM,157,THR,sidechain,SYSTEM,158,ILE,sidechain,10.798920107989202
SYSTEM,157,THR,sidechain,SYSTEM,155,LYS,sidechain,42.055794420557945
SYSTEM,157,THR,sidechain,SYSTEM,51,SER,sidechain,0.009999000099990002
SYSTEM,121,TRP,sidechain,SYSTEM,117,ALA,sidechain,0.019998000199980003
SYSTEM,121,TRP,sidechain,SYSTEM,120,GLU,sidechain,12.668733126687332
SYSTEM,121,TRP,sidechain,SYSTEM,122,LEU,sidechain,91.82081791820818
SYSTEM,121,TRP,sidechain,SYSTEM,118,LYS,sidechain,0.009999000099990002
SYSTEM,121,TRP,sidechain,SYSTEM,125,LYS,sidechain,3.1196880311968807
SYSTEM,121,TRP,sidechain,SYSTEM,61,MET,sidechain,0.009999000099990002
SYSTEM,121,TRP,sidechain,SYSTEM,60,PHE,sidechain,38.146185381461855
SYSTEM,121,TRP,sidechain,SYSTEM,119,THR,sidechain,92.43075692430757
SYSTEM,48,TYR,sidechain,SYSTEM,161,CYS,sidechain,0.059994000599940006
SYSTEM,48,TYR,sidechain,SYSTEM,158,ILE,sidechain,0.12998700129987
SYSTEM,48,TYR,sidechain,SYSTEM,39,LEU,sidechain,99.9900009999
SYSTEM,48,TYR,sidechain,SYSTEM,8,PHE,sidechain,7.4692530746925305
SYSTEM,48,TYR,sidechain,SYSTEM,36,PHE,sidechain,99.42005799420059
SYSTEM,48,TYR,sidechain,SYSTEM,67,PHE,sidechain,40.11598840115988
SYSTEM,48,TYR,sidechain,SYSTEM,112,PHE,sidechain,98.95010498950106
SYSTEM,48,TYR,sidechain,SYSTEM,40,SER,sidechain,89.23107689231077
SYSTEM,48,TYR,sidechain,SYSTEM,51,SER,sidechain,27.227277272272772
SYSTEM,48,TYR,sidechain,SYSTEM,110,SER,sidechain,81.48185181481851
SYSTEM,79,TYR,sidechain,SYSTEM,38,ALA,sidechain,4.2195780421957805
SYSTEM,79,TYR,sidechain,SYSTEM,35,ASN,sidechain,61.92380761923808
SYSTEM,79,TYR,sidechain,SYSTEM,108,ASN,sidechain,6.08939106089391
SYSTEM,79,TYR,sidechain,SYSTEM,34,GLU,sidechain,10.088991100889912
SYSTEM,79,TYR,sidechain,SYSTEM,81,GLU,sidechain,14.318568143185681
SYSTEM,79,TYR,sidechain,SYSTEM,84,GLU,sidechain,3.4996500349965003
SYSTEM,79,TYR,sidechain,SYSTEM,78,ILE,sidechain,96.82031796820318
SYSTEM,79,TYR,sidechain,SYSTEM,31,LYS,sidechain,67.52324767523248
SYSTEM,79,TYR,sidechain,SYSTEM,44,LYS,sidechain,0.9299070092990701
SYSTEM,79,TYR,sidechain,SYSTEM,83,PHE,sidechain,65.54344565543445
SYSTEM,79,TYR,sidechain,SYSTEM,77,SER,sidechain,57.76422357764224
SYSTEM,2,VAL,sidechain,SYSTEM,26,ALA,sidechain,7.4692530746925305
SYSTEM,2,VAL,sidechain,SYSTEM,3,ASN,sidechain,10.04899510048995
SYSTEM,2,VAL,sidechain,SYSTEM,27,ASP,sidechain,51.51484851514848
SYSTEM,2,VAL,sidechain,SYSTEM,164,LEU,sidechain,0.009999000099990002
SYSTEM,2,VAL,sidechain,SYSTEM,133,LYS,sidechain,0.009999000099990002
SYSTEM,2,VAL,sidechain,SYSTEM,4,PRO,sidechain,16.03839616038396
SYSTEM,2,VAL,sidechain,SYSTEM,5,THR,sidechain,0.009999000099990002
SYSTEM,6,VAL,sidechain,SYSTEM,163,GLN,sidechain,55.544445555444454
SYSTEM,6,VAL,sidechain,SYSTEM,24,LEU,sidechain,99.95000499950005
SYSTEM,6,VAL,sidechain,SYSTEM,8,PHE,sidechain,8.47915208479152
SYSTEM,6,VAL,sidechain,SYSTEM,22,PHE,sidechain,11.028897110288971
SYSTEM,6,VAL,sidechain,SYSTEM,36,PHE,sidechain,71.88281171882812
SYSTEM,6,VAL,sidechain,SYSTEM,4,PRO,sidechain,6.239376062393761
SYSTEM,6,VAL,sidechain,SYSTEM,40,SER,sidechain,100.0
SYSTEM,6,VAL,sidechain,SYSTEM,5,THR,sidechain,3.44965503449655
SYSTEM,12,VAL,sidechain,SYSTEM,11,ALA,sidechain,70.5029497050295
SYSTEM,12,VAL,sidechain,SYSTEM,13,ASP,sidechain,60.92390760923908
SYSTEM,12,VAL,sidechain,SYSTEM,15,GLU,sidechain,12.968703129687032
SYSTEM,12,VAL,sidechain,SYSTEM,156,ILE,sidechain,98.64013598640136
SYSTEM,12,VAL,sidechain,SYSTEM,17,LEU,sidechain,96.12038796120387
SYSTEM,12,VAL,sidechain,SYSTEM,154,LYS,sidechain,72.33276672332767
SYSTEM,12,VAL,sidechain,SYSTEM,145,PHE,sidechain,95.11048895110488
SYSTEM,20,VAL,sidechain,SYSTEM,10,ILE,sidechain,77.5922407759224
SYSTEM,20,VAL,sidechain,SYSTEM,114,ILE,sidechain,0.28997100289971
SYSTEM,20,VAL,sidechain,SYSTEM,138,ILE,sidechain,94.5005499450055
SYSTEM,20,VAL,sidechain,SYSTEM,142,MET,sidechain,2.4697530246975306
SYSTEM,20,VAL,sidechain,SYSTEM,8,PHE,sidechain,4.1395860413958605
SYSTEM,20,VAL,sidechain,SYSTEM,22,PHE,sidechain,99.49005099490051
SYSTEM,20,VAL,sidechain,SYSTEM,21,SER,sidechain,9.93900609939006
SYSTEM,29,VAL,sidechain,SYSTEM,26,ALA,sidechain,0.04999500049995
SYSTEM,29,VAL,sidechain,SYSTEM,33,ALA,sidechain,77.34226577342265
SYSTEM,29,VAL,sidechain,SYSTEM,87,ASN,sidechain,58.32416758324167
SYSTEM,29,VAL,sidechain,SYSTEM,85,ASP,sidechain,0.17998200179982002
SYSTEM,29,VAL,sidechain,SYSTEM,86,GLU,sidechain,39.85601439856015
SYSTEM,29,VAL,sidechain,SYSTEM,89,ILE,sidechain,12.518748125187482
SYSTEM,29,VAL,sidechain,SYSTEM,90,LEU,sidechain,20.177982201779823
SYSTEM,29,VAL,sidechain,SYSTEM,28,LYS,sidechain,0.14998500149985
SYSTEM,29,VAL,sidechain,SYSTEM,83,PHE,sidechain,0.019998000199980003
SYSTEM,29,VAL,sidechain,SYSTEM,129,PHE,sidechain,15.038496150384962
SYSTEM,29,VAL,sidechain,SYSTEM,30,PRO,sidechain,100.0
SYSTEM,29,VAL,sidechain,SYSTEM,32,THR,sidechain,98.93010698930107
SYSTEM,127,VAL,sidechain,SYSTEM,103,ALA,sidechain,5.92940705929407
SYSTEM,127,VAL,sidechain,SYSTEM,87,ASN,sidechain,28.087191280871913
SYSTEM,127,VAL,sidechain,SYSTEM,102,ASN,sidechain,3.5796420357964203
SYSTEM,127,VAL,sidechain,SYSTEM,108,ASN,sidechain,3.9996000399960008
SYSTEM,127,VAL,sidechain,SYSTEM,85,ASP,sidechain,39.24607539246075
SYSTEM,127,VAL,sidechain,SYSTEM,86,GLU,sidechain,14.778522147785223
SYSTEM,127,VAL,sidechain,SYSTEM,90,LEU,sidechain,0.17998200179982002
SYSTEM,127,VAL,sidechain,SYSTEM,100,MET,sidechain,17.738226177382263
SYSTEM,127,VAL,sidechain,SYSTEM,83,PHE,sidechain,15.328467153284672
SYSTEM,127,VAL,sidechain,SYSTEM,88,PHE,sidechain,97.6002399760024
SYSTEM,127,VAL,sidechain,SYSTEM,129,PHE,sidechain,0.6999300069993001
SYSTEM,127,VAL,sidechain,SYSTEM,99,SER,sidechain,0.21997800219978003
SYSTEM,127,VAL,sidechain,SYSTEM,32,THR,sidechain,91.05089491050894
SYSTEM,127,VAL,sidechain,SYSTEM,29,VAL,sidechain,74.86251374862513
SYSTEM,128,VAL,sidechain,SYSTEM,92,HIS,sidechain,100.0
SYSTEM,128,VAL,sidechain,SYSTEM,97,ILE,sidechain,99.88001199880013
SYSTEM,128,VAL,sidechain,SYSTEM,90,LEU,sidechain,99.17008299170082
SYSTEM,128,VAL,sidechain,SYSTEM,25,PHE,sidechain,0.019998000199980003
SYSTEM,128,VAL,sidechain,SYSTEM,99,SER,sidechain,99.9900009999
SYSTEM,128,VAL,sidechain,SYSTEM,127,VAL,sidechain,0.009999000099990002
SYSTEM,132,VAL,sidechain,SYSTEM,114,ILE,sidechain,13.208679132086793
SYSTEM,132,VAL,sidechain,SYSTEM,98,LEU,sidechain,0.039996000399960006
SYSTEM,132,VAL,sidechain,SYSTEM,131,LYS,sidechain,3.2296770322967703
SYSTEM,132,VAL,sidechain,SYSTEM,136,MET,sidechain,99.23007699230078
SYSTEM,132,VAL,sidechain,SYSTEM,22,PHE,sidechain,99.63003699630038
SYSTEM,132,VAL,sidechain,SYSTEM,20,VAL,sidechain,95.00049995000501
SYSTEM,139,VAL,sidechain,SYSTEM,62,CYS,sidechain,50.924907509249074
SYSTEM,139,VAL,sidechain,SYSTEM,140,GLU,sidechain,0.10998900109989002
SYSTEM,139,VAL,sidechain,SYSTEM,114,ILE,sidechain,96.15038496150386
SYSTEM,139,VAL,sidechain,SYSTEM,138,ILE,sidechain,1.1398860113988603
SYSTEM,139,VAL,sidechain,SYSTEM,136,MET,sidechain,89.37106289371063
SYSTEM,139,VAL,sidechain,SYSTEM,142,MET,sidechain,97.69023097690231
SYSTEM,139,VAL,sidechain,SYSTEM,116,THR,sidechain,7.839216078392161
SYSTEM,139,VAL,sidechain,SYSTEM,20,VAL,sidechain,93.33066693330667
SYSTEM,139,VAL,sidechain,SYSTEM,132,VAL,sidechain,87.9112088791121
