SYSTEM,33,ALA,sidechain,SYSTEM,26,ALA,sidechain,98.93333333333332
SYSTEM,103,ALA,sidechain,SYSTEM,101,ALA,sidechain,0.044444444444444446
SYSTEM,159,ALA,sidechain,SYSTEM,11,ALA,sidechain,99.95555555555555
SYSTEM,37,ARG,sidechain,SYSTEM,38,ALA,sidechain,94.68888888888888
SYSTEM,144,ARG,sidechain,SYSTEM,141,ALA,sidechain,57.51111111111111
SYSTEM,148,ARG,sidechain,SYSTEM,55,ARG,sidechain,0.011111111111111112
SYSTEM,3,ASN,sidechain,SYSTEM,26,ALA,sidechain,3.644444444444445
SYSTEM,71,ASN,sidechain,SYSTEM,69,ARG,sidechain,4.877777777777778
SYSTEM,102,ASN,sidechain,SYSTEM,101,ALA,sidechain,12.966666666666669
SYSTEM,106,ASN,sidechain,SYSTEM,102,ASN,sidechain,0.011111111111111112
SYSTEM,108,ASN,sidechain,SYSTEM,103,ALA,sidechain,0.21111111111111108
SYSTEM,108,ASN,sidechain,SYSTEM,35,ASN,sidechain,0.07777777777777778
SYSTEM,108,ASN,sidechain,SYSTEM,102,ASN,sidechain,15.322222222222223
SYSTEM,108,ASN,sidechain,SYSTEM,106,ASN,sidechain,0.022222222222222223
SYSTEM,149,ASN,sidechain,SYSTEM,148,ARG,sidechain,8.222222222222223
SYSTEM,9,ASP,sidechain,SYSTEM,159,ALA,sidechain,2.433333333333333
SYSTEM,9,ASP,sidechain,SYSTEM,19,ARG,sidechain,99.44444444444444
SYSTEM,27,ASP,sidechain,SYSTEM,26,ALA,sidechain,8.955555555555556
SYSTEM,27,ASP,sidechain,SYSTEM,3,ASN,sidechain,5.088888888888889
SYSTEM,66,ASP,sidechain,SYSTEM,71,ASN,sidechain,0.022222222222222223
SYSTEM,85,ASP,sidechain,SYSTEM,103,ALA,sidechain,0.044444444444444446
SYSTEM,85,ASP,sidechain,SYSTEM,87,ASN,sidechain,0.18888888888888888
SYSTEM,85,ASP,sidechain,SYSTEM,102,ASN,sidechain,4.366666666666666
SYSTEM,85,ASP,sidechain,SYSTEM,106,ASN,sidechain,7.388888888888889
SYSTEM,85,ASP,sidechain,SYSTEM,108,ASN,sidechain,30.288888888888888
SYSTEM,160,ASP,sidechain,SYSTEM,159,ALA,sidechain,9.266666666666666
SYSTEM,160,ASP,sidechain,SYSTEM,9,ASP,sidechain,1.6666666666666667
SYSTEM,115,CYS,sidechain,SYSTEM,117,ALA,sidechain,0.03333333333333333
SYSTEM,161,CYS,sidechain,SYSTEM,160,ASP,sidechain,0.07777777777777778
SYSTEM,63,GLN,sidechain,SYSTEM,101,ALA,sidechain,46.01111111111111
SYSTEM,63,GLN,sidechain,SYSTEM,55,ARG,sidechain,49.55555555555556
SYSTEM,111,GLN,sidechain,SYSTEM,101,ALA,sidechain,13.166666666666666
SYSTEM,111,GLN,sidechain,SYSTEM,103,ALA,sidechain,37.32222222222222
SYSTEM,111,GLN,sidechain,SYSTEM,102,ASN,sidechain,10.566666666666666
SYSTEM,111,GLN,sidechain,SYSTEM,66,ASP,sidechain,15.422222222222222
SYSTEM,111,GLN,sidechain,SYSTEM,63,GLN,sidechain,15.577777777777776
SYSTEM,163,GLN,sidechain,SYSTEM,37,ARG,sidechain,67.14444444444445
SYSTEM,23,GLU,sidechain,SYSTEM,3,ASN,sidechain,80.42222222222222
SYSTEM,34,GLU,sidechain,SYSTEM,38,ALA,sidechain,26.43333333333333
SYSTEM,34,GLU,sidechain,SYSTEM,37,ARG,sidechain,98.36666666666667
SYSTEM,43,GLU,sidechain,SYSTEM,38,ALA,sidechain,93.4888888888889
SYSTEM,43,GLU,sidechain,SYSTEM,37,ARG,sidechain,0.011111111111111112
SYSTEM,81,GLU,sidechain,SYSTEM,106,ASN,sidechain,0.2777777777777778
SYSTEM,81,GLU,sidechain,SYSTEM,108,ASN,sidechain,0.022222222222222223
SYSTEM,84,GLU,sidechain,SYSTEM,87,ASN,sidechain,5.722222222222222
SYSTEM,84,GLU,sidechain,SYSTEM,102,ASN,sidechain,0.08888888888888889
SYSTEM,84,GLU,sidechain,SYSTEM,106,ASN,sidechain,3.033333333333333
SYSTEM,84,GLU,sidechain,SYSTEM,108,ASN,sidechain,0.011111111111111112
SYSTEM,84,GLU,sidechain,SYSTEM,85,ASP,sidechain,0.5555555555555556
SYSTEM,86,GLU,sidechain,SYSTEM,87,ASN,sidechain,24.11111111111111
SYSTEM,86,GLU,sidechain,SYSTEM,85,ASP,sidechain,0.08888888888888889
SYSTEM,86,GLU,sidechain,SYSTEM,84,GLU,sidechain,10.066666666666666
SYSTEM,140,GLU,sidechain,SYSTEM,141,ALA,sidechain,0.12222222222222222
SYSTEM,140,GLU,sidechain,SYSTEM,144,ARG,sidechain,2.055555555555556
SYSTEM,140,GLU,sidechain,SYSTEM,137,ASN,sidechain,11.288888888888888
SYSTEM,143,GLU,sidechain,SYSTEM,144,ARG,sidechain,1.4333333333333333
SYSTEM,143,GLU,sidechain,SYSTEM,62,CYS,sidechain,0.05555555555555555
SYSTEM,54,HIS,sidechain,SYSTEM,55,ARG,sidechain,1.077777777777778
SYSTEM,54,HIS,sidechain,SYSTEM,71,ASN,sidechain,0.022222222222222223
SYSTEM,54,HIS,sidechain,SYSTEM,66,ASP,sidechain,0.41111111111111115
SYSTEM,54,HIS,sidechain,SYSTEM,52,CYS,sidechain,21.877777777777776
SYSTEM,54,HIS,sidechain,SYSTEM,63,GLN,sidechain,26.211111111111112
SYSTEM,54,HIS,sidechain,SYSTEM,111,GLN,sidechain,0.011111111111111112
SYSTEM,70,HIS,sidechain,SYSTEM,71,ASN,sidechain,0.011111111111111112
SYSTEM,70,HIS,sidechain,SYSTEM,66,ASP,sidechain,0.07777777777777778
SYSTEM,70,HIS,sidechain,SYSTEM,52,CYS,sidechain,14.622222222222222
SYSTEM,70,HIS,sidechain,SYSTEM,54,HIS,sidechain,0.044444444444444446
SYSTEM,92,HIS,sidechain,SYSTEM,123,ASP,sidechain,94.04444444444444
SYSTEM,92,HIS,sidechain,SYSTEM,115,CYS,sidechain,1.4666666666666666
SYSTEM,126,HIS,sidechain,SYSTEM,101,ALA,sidechain,5.122222222222223
SYSTEM,126,HIS,sidechain,SYSTEM,103,ALA,sidechain,18.988888888888887
SYSTEM,126,HIS,sidechain,SYSTEM,102,ASN,sidechain,31.74444444444444
SYSTEM,126,HIS,sidechain,SYSTEM,85,ASP,sidechain,0.011111111111111112
SYSTEM,56,ILE,sidechain,SYSTEM,62,CYS,sidechain,99.47777777777777
SYSTEM,57,ILE,sidechain,SYSTEM,55,ARG,sidechain,11.466666666666667
SYSTEM,57,ILE,sidechain,SYSTEM,148,ARG,sidechain,2.4555555555555557
SYSTEM,57,ILE,sidechain,SYSTEM,63,GLN,sidechain,0.011111111111111112
SYSTEM,78,ILE,sidechain,SYSTEM,38,ALA,sidechain,80.53333333333333
SYSTEM,78,ILE,sidechain,SYSTEM,35,ASN,sidechain,77.98888888888888
SYSTEM,89,ILE,sidechain,SYSTEM,87,ASN,sidechain,7.511111111111111
SYSTEM,97,ILE,sidechain,SYSTEM,115,CYS,sidechain,25.58888888888889
SYSTEM,97,ILE,sidechain,SYSTEM,92,HIS,sidechain,1.3777777777777778
SYSTEM,114,ILE,sidechain,SYSTEM,62,CYS,sidechain,32.28888888888889
SYSTEM,138,ILE,sidechain,SYSTEM,141,ALA,sidechain,7.9222222222222225
SYSTEM,138,ILE,sidechain,SYSTEM,137,ASN,sidechain,29.088888888888885
SYSTEM,138,ILE,sidechain,SYSTEM,10,ILE,sidechain,0.022222222222222223
SYSTEM,156,ILE,sidechain,SYSTEM,10,ILE,sidechain,0.011111111111111112
SYSTEM,156,ILE,sidechain,SYSTEM,56,ILE,sidechain,0.03333333333333333
SYSTEM,158,ILE,sidechain,SYSTEM,161,CYS,sidechain,7.5
SYSTEM,158,ILE,sidechain,SYSTEM,10,ILE,sidechain,0.13333333333333333
SYSTEM,17,LEU,sidechain,SYSTEM,141,ALA,sidechain,50.522222222222226
SYSTEM,17,LEU,sidechain,SYSTEM,15,GLU,sidechain,0.044444444444444446
SYSTEM,17,LEU,sidechain,SYSTEM,10,ILE,sidechain,0.23333333333333336
SYSTEM,17,LEU,sidechain,SYSTEM,138,ILE,sidechain,15.955555555555556
SYSTEM,24,LEU,sidechain,SYSTEM,26,ALA,sidechain,1.6555555555555557
SYSTEM,24,LEU,sidechain,SYSTEM,33,ALA,sidechain,88.84444444444445
SYSTEM,39,LEU,sidechain,SYSTEM,38,ALA,sidechain,0.8222222222222223
SYSTEM,39,LEU,sidechain,SYSTEM,35,ASN,sidechain,22.11111111111111
SYSTEM,39,LEU,sidechain,SYSTEM,78,ILE,sidechain,1.9444444444444444
SYSTEM,90,LEU,sidechain,SYSTEM,87,ASN,sidechain,0.6
SYSTEM,90,LEU,sidechain,SYSTEM,89,ILE,sidechain,4.277777777777778
SYSTEM,98,LEU,sidechain,SYSTEM,114,ILE,sidechain,0.9111111111111112
SYSTEM,122,LEU,sidechain,SYSTEM,92,HIS,sidechain,34.94444444444444
SYSTEM,122,LEU,sidechain,SYSTEM,126,HIS,sidechain,70.44444444444444
SYSTEM,28,LYS,sidechain,SYSTEM,87,ASN,sidechain,0.011111111111111112
SYSTEM,28,LYS,sidechain,SYSTEM,27,ASP,sidechain,8.333333333333332
SYSTEM,28,LYS,sidechain,SYSTEM,86,GLU,sidechain,0.03333333333333333
SYSTEM,28,LYS,sidechain,SYSTEM,89,ILE,sidechain,9.2
SYSTEM,28,LYS,sidechain,SYSTEM,90,LEU,sidechain,12.811111111111112
SYSTEM,31,LYS,sidechain,SYSTEM,87,ASN,sidechain,0.41111111111111115
SYSTEM,31,LYS,sidechain,SYSTEM,108,ASN,sidechain,0.011111111111111112
SYSTEM,31,LYS,sidechain,SYSTEM,85,ASP,sidechain,0.011111111111111112
SYSTEM,31,LYS,sidechain,SYSTEM,81,GLU,sidechain,10.733333333333334
SYSTEM,31,LYS,sidechain,SYSTEM,84,GLU,sidechain,6.444444444444445
SYSTEM,31,LYS,sidechain,SYSTEM,86,GLU,sidechain,29.755555555555556
SYSTEM,44,LYS,sidechain,SYSTEM,38,ALA,sidechain,37.48888888888889
SYSTEM,44,LYS,sidechain,SYSTEM,43,GLU,sidechain,16.555555555555557
SYSTEM,44,LYS,sidechain,SYSTEM,78,ILE,sidechain,56.71111111111111
SYSTEM,49,LYS,sidechain,SYSTEM,160,ASP,sidechain,84.87777777777778
SYSTEM,49,LYS,sidechain,SYSTEM,161,CYS,sidechain,7.122222222222223
SYSTEM,76,LYS,sidechain,SYSTEM,108,ASN,sidechain,0.26666666666666666
SYSTEM,76,LYS,sidechain,SYSTEM,81,GLU,sidechain,0.7000000000000001
SYSTEM,76,LYS,sidechain,SYSTEM,78,ILE,sidechain,0.011111111111111112
SYSTEM,76,LYS,sidechain,SYSTEM,39,LEU,sidechain,0.011111111111111112
SYSTEM,82,LYS,sidechain,SYSTEM,103,ALA,sidechain,2.2666666666666666
SYSTEM,82,LYS,sidechain,SYSTEM,106,ASN,sidechain,2.4444444444444446
SYSTEM,82,LYS,sidechain,SYSTEM,108,ASN,sidechain,12.28888888888889
SYSTEM,82,LYS,sidechain,SYSTEM,85,ASP,sidechain,0.24444444444444444
SYSTEM,82,LYS,sidechain,SYSTEM,81,GLU,sidechain,7.933333333333334
SYSTEM,82,LYS,sidechain,SYSTEM,84,GLU,sidechain,26.18888888888889
SYSTEM,82,LYS,sidechain,SYSTEM,86,GLU,sidechain,0.24444444444444444
SYSTEM,91,LYS,sidechain,SYSTEM,123,ASP,sidechain,85.4888888888889
SYSTEM,118,LYS,sidechain,SYSTEM,120,GLU,sidechain,83.23333333333333
SYSTEM,125,LYS,sidechain,SYSTEM,103,ALA,sidechain,2.0444444444444447
SYSTEM,125,LYS,sidechain,SYSTEM,102,ASN,sidechain,2.422222222222222
SYSTEM,125,LYS,sidechain,SYSTEM,85,ASP,sidechain,0.022222222222222223
SYSTEM,125,LYS,sidechain,SYSTEM,126,HIS,sidechain,17.755555555555556
SYSTEM,125,LYS,sidechain,SYSTEM,122,LEU,sidechain,0.2555555555555556
SYSTEM,131,LYS,sidechain,SYSTEM,23,GLU,sidechain,39.300000000000004
SYSTEM,131,LYS,sidechain,SYSTEM,97,ILE,sidechain,4.811111111111111
SYSTEM,133,LYS,sidechain,SYSTEM,23,GLU,sidechain,91.5
SYSTEM,133,LYS,sidechain,SYSTEM,134,GLU,sidechain,2.488888888888889
SYSTEM,133,LYS,sidechain,SYSTEM,131,LYS,sidechain,0.022222222222222223
SYSTEM,151,LYS,sidechain,SYSTEM,55,ARG,sidechain,0.5777777777777777
SYSTEM,151,LYS,sidechain,SYSTEM,71,ASN,sidechain,0.33333333333333337
SYSTEM,151,LYS,sidechain,SYSTEM,149,ASN,sidechain,14.455555555555556
SYSTEM,151,LYS,sidechain,SYSTEM,54,HIS,sidechain,0.044444444444444446
SYSTEM,154,LYS,sidechain,SYSTEM,13,ASP,sidechain,54.71111111111111
SYSTEM,155,LYS,sidechain,SYSTEM,13,ASP,sidechain,26.633333333333333
SYSTEM,155,LYS,sidechain,SYSTEM,52,CYS,sidechain,35.58888888888889
SYSTEM,61,MET,sidechain,SYSTEM,55,ARG,sidechain,1.211111111111111
SYSTEM,61,MET,sidechain,SYSTEM,115,CYS,sidechain,2.6555555555555554
SYSTEM,61,MET,sidechain,SYSTEM,63,GLN,sidechain,33.92222222222222
SYSTEM,61,MET,sidechain,SYSTEM,57,ILE,sidechain,15.644444444444444
SYSTEM,61,MET,sidechain,SYSTEM,122,LEU,sidechain,0.011111111111111112
SYSTEM,100,MET,sidechain,SYSTEM,101,ALA,sidechain,0.23333333333333336
SYSTEM,100,MET,sidechain,SYSTEM,103,ALA,sidechain,0.6666666666666667
SYSTEM,100,MET,sidechain,SYSTEM,35,ASN,sidechain,0.022222222222222223
SYSTEM,100,MET,sidechain,SYSTEM,102,ASN,sidechain,1.6555555555555557
SYSTEM,100,MET,sidechain,SYSTEM,108,ASN,sidechain,17.355555555555554
SYSTEM,100,MET,sidechain,SYSTEM,85,ASP,sidechain,0.022222222222222223
SYSTEM,136,MET,sidechain,SYSTEM,137,ASN,sidechain,0.12222222222222222
SYSTEM,136,MET,sidechain,SYSTEM,140,GLU,sidechain,1.5444444444444445
SYSTEM,142,MET,sidechain,SYSTEM,62,CYS,sidechain,89.41111111111111
SYSTEM,142,MET,sidechain,SYSTEM,10,ILE,sidechain,26.355555555555554
SYSTEM,142,MET,sidechain,SYSTEM,56,ILE,sidechain,0.32222222222222224
SYSTEM,142,MET,sidechain,SYSTEM,114,ILE,sidechain,0.03333333333333333
SYSTEM,142,MET,sidechain,SYSTEM,156,ILE,sidechain,25.522222222222226
SYSTEM,7,PHE,sidechain,SYSTEM,19,ARG,sidechain,96.6
SYSTEM,7,PHE,sidechain,SYSTEM,9,ASP,sidechain,2.3666666666666667
SYSTEM,7,PHE,sidechain,SYSTEM,164,LEU,sidechain,11.088888888888889
SYSTEM,8,PHE,sidechain,SYSTEM,161,CYS,sidechain,25.444444444444443
SYSTEM,8,PHE,sidechain,SYSTEM,158,ILE,sidechain,83.46666666666667
SYSTEM,22,PHE,sidechain,SYSTEM,98,LEU,sidechain,78.36666666666666
SYSTEM,22,PHE,sidechain,SYSTEM,8,PHE,sidechain,3.177777777777778
SYSTEM,25,PHE,sidechain,SYSTEM,3,ASN,sidechain,11.866666666666667
SYSTEM,25,PHE,sidechain,SYSTEM,23,GLU,sidechain,1.1222222222222222
SYSTEM,25,PHE,sidechain,SYSTEM,90,LEU,sidechain,20.155555555555555
SYSTEM,25,PHE,sidechain,SYSTEM,28,LYS,sidechain,3.6555555555555554
SYSTEM,25,PHE,sidechain,SYSTEM,131,LYS,sidechain,0.26666666666666666
SYSTEM,36,PHE,sidechain,SYSTEM,24,LEU,sidechain,0.7000000000000001
SYSTEM,36,PHE,sidechain,SYSTEM,98,LEU,sidechain,6.133333333333333
SYSTEM,46,PHE,sidechain,SYSTEM,78,ILE,sidechain,0.044444444444444446
SYSTEM,46,PHE,sidechain,SYSTEM,39,LEU,sidechain,0.07777777777777778
SYSTEM,46,PHE,sidechain,SYSTEM,44,LYS,sidechain,0.14444444444444443
SYSTEM,46,PHE,sidechain,SYSTEM,49,LYS,sidechain,0.3888888888888889
SYSTEM,46,PHE,sidechain,SYSTEM,76,LYS,sidechain,71.35555555555555
SYSTEM,53,PHE,sidechain,SYSTEM,62,CYS,sidechain,0.9333333333333335
SYSTEM,53,PHE,sidechain,SYSTEM,156,ILE,sidechain,3.5888888888888886
SYSTEM,53,PHE,sidechain,SYSTEM,158,ILE,sidechain,0.011111111111111112
SYSTEM,53,PHE,sidechain,SYSTEM,142,MET,sidechain,39.05555555555556
SYSTEM,60,PHE,sidechain,SYSTEM,117,ALA,sidechain,0.15555555555555556
SYSTEM,60,PHE,sidechain,SYSTEM,57,ILE,sidechain,17.922222222222224
SYSTEM,60,PHE,sidechain,SYSTEM,61,MET,sidechain,84.23333333333333
SYSTEM,67,PHE,sidechain,SYSTEM,46,PHE,sidechain,0.011111111111111112
SYSTEM,83,PHE,sidechain,SYSTEM,103,ALA,sidechain,4.544444444444444
SYSTEM,83,PHE,sidechain,SYSTEM,35,ASN,sidechain,19.177777777777777
SYSTEM,83,PHE,sidechain,SYSTEM,87,ASN,sidechain,1.6666666666666667
SYSTEM,83,PHE,sidechain,SYSTEM,102,ASN,sidechain,0.06666666666666667
SYSTEM,83,PHE,sidechain,SYSTEM,108,ASN,sidechain,23.533333333333335
SYSTEM,83,PHE,sidechain,SYSTEM,85,ASP,sidechain,0.011111111111111112
SYSTEM,83,PHE,sidechain,SYSTEM,81,GLU,sidechain,0.9111111111111112
SYSTEM,83,PHE,sidechain,SYSTEM,84,GLU,sidechain,0.5111111111111112
SYSTEM,83,PHE,sidechain,SYSTEM,31,LYS,sidechain,22.344444444444445
SYSTEM,83,PHE,sidechain,SYSTEM,100,MET,sidechain,0.24444444444444444
SYSTEM,88,PHE,sidechain,SYSTEM,103,ALA,sidechain,0.011111111111111112
SYSTEM,88,PHE,sidechain,SYSTEM,85,ASP,sidechain,0.21111111111111108
SYSTEM,88,PHE,sidechain,SYSTEM,86,GLU,sidechain,0.011111111111111112
SYSTEM,112,PHE,sidechain,SYSTEM,36,PHE,sidechain,0.14444444444444443
SYSTEM,113,PHE,sidechain,SYSTEM,101,ALA,sidechain,64.53333333333333
SYSTEM,113,PHE,sidechain,SYSTEM,115,CYS,sidechain,11.244444444444444
SYSTEM,113,PHE,sidechain,SYSTEM,63,GLN,sidechain,12.955555555555556
SYSTEM,113,PHE,sidechain,SYSTEM,126,HIS,sidechain,3.6555555555555554
SYSTEM,113,PHE,sidechain,SYSTEM,122,LEU,sidechain,0.14444444444444443
SYSTEM,113,PHE,sidechain,SYSTEM,61,MET,sidechain,89.33333333333333
SYSTEM,129,PHE,sidechain,SYSTEM,33,ALA,sidechain,6.977777777777777
SYSTEM,129,PHE,sidechain,SYSTEM,24,LEU,sidechain,0.011111111111111112
SYSTEM,129,PHE,sidechain,SYSTEM,98,LEU,sidechain,81.95555555555556
SYSTEM,129,PHE,sidechain,SYSTEM,100,MET,sidechain,13.477777777777778
SYSTEM,129,PHE,sidechain,SYSTEM,36,PHE,sidechain,1.0444444444444443
SYSTEM,145,PHE,sidechain,SYSTEM,141,ALA,sidechain,0.21111111111111108
SYSTEM,145,PHE,sidechain,SYSTEM,144,ARG,sidechain,5.877777777777777
SYSTEM,145,PHE,sidechain,SYSTEM,156,ILE,sidechain,22.166666666666668
SYSTEM,145,PHE,sidechain,SYSTEM,154,LYS,sidechain,19.8
SYSTEM,4,PRO,sidechain,SYSTEM,26,ALA,sidechain,87.03333333333333
SYSTEM,4,PRO,sidechain,SYSTEM,33,ALA,sidechain,0.08888888888888889
SYSTEM,4,PRO,sidechain,SYSTEM,37,ARG,sidechain,0.05555555555555555
SYSTEM,4,PRO,sidechain,SYSTEM,3,ASN,sidechain,0.13333333333333333
SYSTEM,4,PRO,sidechain,SYSTEM,163,GLN,sidechain,0.7444444444444445
SYSTEM,4,PRO,sidechain,SYSTEM,24,LEU,sidechain,32.51111111111111
SYSTEM,16,PRO,sidechain,SYSTEM,11,ALA,sidechain,30.966666666666665
SYSTEM,16,PRO,sidechain,SYSTEM,159,ALA,sidechain,0.33333333333333337
SYSTEM,16,PRO,sidechain,SYSTEM,9,ASP,sidechain,0.011111111111111112
SYSTEM,16,PRO,sidechain,SYSTEM,15,GLU,sidechain,4.988888888888889
SYSTEM,30,PRO,sidechain,SYSTEM,26,ALA,sidechain,0.07777777777777778
SYSTEM,30,PRO,sidechain,SYSTEM,87,ASN,sidechain,0.788888888888889
SYSTEM,30,PRO,sidechain,SYSTEM,86,GLU,sidechain,5.688888888888889
SYSTEM,30,PRO,sidechain,SYSTEM,31,LYS,sidechain,5.633333333333333
SYSTEM,58,PRO,sidechain,SYSTEM,144,ARG,sidechain,0.011111111111111112
SYSTEM,58,PRO,sidechain,SYSTEM,148,ARG,sidechain,20.200000000000003
SYSTEM,58,PRO,sidechain,SYSTEM,143,GLU,sidechain,43.022222222222226
SYSTEM,95,PRO,sidechain,SYSTEM,117,ALA,sidechain,0.5111111111111112
SYSTEM,95,PRO,sidechain,SYSTEM,140,GLU,sidechain,0.011111111111111112
SYSTEM,95,PRO,sidechain,SYSTEM,118,LYS,sidechain,0.06666666666666667
SYSTEM,95,PRO,sidechain,SYSTEM,136,MET,sidechain,0.1111111111111111
SYSTEM,105,PRO,sidechain,SYSTEM,106,ASN,sidechain,5.7
SYSTEM,105,PRO,sidechain,SYSTEM,85,ASP,sidechain,0.14444444444444443
SYSTEM,105,PRO,sidechain,SYSTEM,84,GLU,sidechain,0.011111111111111112
SYSTEM,105,PRO,sidechain,SYSTEM,82,LYS,sidechain,1.411111111111111
SYSTEM,105,PRO,sidechain,SYSTEM,88,PHE,sidechain,0.011111111111111112
SYSTEM,21,SER,sidechain,SYSTEM,19,ARG,sidechain,0.07777777777777778
SYSTEM,21,SER,sidechain,SYSTEM,134,GLU,sidechain,28.022222222222222
SYSTEM,21,SER,sidechain,SYSTEM,164,LEU,sidechain,0.4444444444444444
SYSTEM,21,SER,sidechain,SYSTEM,133,LYS,sidechain,17.255555555555553
SYSTEM,21,SER,sidechain,SYSTEM,7,PHE,sidechain,2.577777777777778
SYSTEM,40,SER,sidechain,SYSTEM,161,CYS,sidechain,71.43333333333334
SYSTEM,40,SER,sidechain,SYSTEM,163,GLN,sidechain,0.022222222222222223
SYSTEM,40,SER,sidechain,SYSTEM,8,PHE,sidechain,3.077777777777778
SYSTEM,40,SER,sidechain,SYSTEM,36,PHE,sidechain,39.87777777777778
SYSTEM,51,SER,sidechain,SYSTEM,70,HIS,sidechain,0.14444444444444443
SYSTEM,51,SER,sidechain,SYSTEM,158,ILE,sidechain,45.47777777777778
SYSTEM,51,SER,sidechain,SYSTEM,67,PHE,sidechain,0.18888888888888888
SYSTEM,77,SER,sidechain,SYSTEM,35,ASN,sidechain,88.36666666666667
SYSTEM,77,SER,sidechain,SYSTEM,108,ASN,sidechain,22.933333333333334
SYSTEM,77,SER,sidechain,SYSTEM,81,GLU,sidechain,0.05555555555555555
SYSTEM,77,SER,sidechain,SYSTEM,78,ILE,sidechain,0.5555555555555556
SYSTEM,77,SER,sidechain,SYSTEM,39,LEU,sidechain,0.03333333333333333
SYSTEM,77,SER,sidechain,SYSTEM,76,LYS,sidechain,0.044444444444444446
SYSTEM,77,SER,sidechain,SYSTEM,83,PHE,sidechain,29.61111111111111
SYSTEM,99,SER,sidechain,SYSTEM,115,CYS,sidechain,10.944444444444445
SYSTEM,99,SER,sidechain,SYSTEM,92,HIS,sidechain,98.05555555555556
SYSTEM,99,SER,sidechain,SYSTEM,126,HIS,sidechain,0.5333333333333333
SYSTEM,99,SER,sidechain,SYSTEM,122,LEU,sidechain,0.1
SYSTEM,99,SER,sidechain,SYSTEM,113,PHE,sidechain,53.65555555555556
SYSTEM,110,SER,sidechain,SYSTEM,35,ASN,sidechain,4.9
SYSTEM,110,SER,sidechain,SYSTEM,102,ASN,sidechain,1.1777777777777778
SYSTEM,110,SER,sidechain,SYSTEM,108,ASN,sidechain,0.12222222222222222
SYSTEM,110,SER,sidechain,SYSTEM,111,GLN,sidechain,31.288888888888888
SYSTEM,110,SER,sidechain,SYSTEM,39,LEU,sidechain,6.011111111111111
SYSTEM,110,SER,sidechain,SYSTEM,67,PHE,sidechain,26.57777777777778
SYSTEM,110,SER,sidechain,SYSTEM,77,SER,sidechain,24.822222222222223
SYSTEM,147,SER,sidechain,SYSTEM,148,ARG,sidechain,0.3888888888888889
SYSTEM,147,SER,sidechain,SYSTEM,149,ASN,sidechain,48.55555555555556
SYSTEM,147,SER,sidechain,SYSTEM,151,LYS,sidechain,0.9111111111111112
SYSTEM,147,SER,sidechain,SYSTEM,154,LYS,sidechain,0.011111111111111112
SYSTEM,153,SER,sidechain,SYSTEM,151,LYS,sidechain,4.533333333333333
SYSTEM,153,SER,sidechain,SYSTEM,154,LYS,sidechain,10.244444444444445
SYSTEM,153,SER,sidechain,SYSTEM,145,PHE,sidechain,0.28888888888888886
SYSTEM,153,SER,sidechain,SYSTEM,147,SER,sidechain,2.555555555555556
SYSTEM,5,THR,sidechain,SYSTEM,23,GLU,sidechain,2.2444444444444445
SYSTEM,5,THR,sidechain,SYSTEM,164,LEU,sidechain,44.077777777777776
SYSTEM,5,THR,sidechain,SYSTEM,133,LYS,sidechain,52.400000000000006
SYSTEM,5,THR,sidechain,SYSTEM,7,PHE,sidechain,0.06666666666666667
SYSTEM,5,THR,sidechain,SYSTEM,21,SER,sidechain,2.3666666666666667
SYSTEM,32,THR,sidechain,SYSTEM,87,ASN,sidechain,1.011111111111111
SYSTEM,32,THR,sidechain,SYSTEM,108,ASN,sidechain,0.05555555555555555
SYSTEM,32,THR,sidechain,SYSTEM,85,ASP,sidechain,0.13333333333333333
SYSTEM,32,THR,sidechain,SYSTEM,86,GLU,sidechain,29.22222222222222
SYSTEM,32,THR,sidechain,SYSTEM,100,MET,sidechain,57.644444444444446
SYSTEM,32,THR,sidechain,SYSTEM,83,PHE,sidechain,4.388888888888888
SYSTEM,32,THR,sidechain,SYSTEM,129,PHE,sidechain,73.28888888888889
SYSTEM,41,THR,sidechain,SYSTEM,38,ALA,sidechain,0.1111111111111111
SYSTEM,41,THR,sidechain,SYSTEM,37,ARG,sidechain,23.666666666666668
SYSTEM,41,THR,sidechain,SYSTEM,163,GLN,sidechain,14.744444444444444
SYSTEM,41,THR,sidechain,SYSTEM,43,GLU,sidechain,97.8
SYSTEM,41,THR,sidechain,SYSTEM,40,SER,sidechain,0.4333333333333333
SYSTEM,68,THR,sidechain,SYSTEM,69,ARG,sidechain,3.711111111111111
SYSTEM,68,THR,sidechain,SYSTEM,66,ASP,sidechain,1.2333333333333334
SYSTEM,68,THR,sidechain,SYSTEM,76,LYS,sidechain,2.322222222222222
SYSTEM,68,THR,sidechain,SYSTEM,67,PHE,sidechain,28.12222222222222
SYSTEM,73,THR,sidechain,SYSTEM,103,ALA,sidechain,0.21111111111111108
SYSTEM,73,THR,sidechain,SYSTEM,69,ARG,sidechain,41.17777777777778
SYSTEM,73,THR,sidechain,SYSTEM,71,ASN,sidechain,45.92222222222222
SYSTEM,73,THR,sidechain,SYSTEM,66,ASP,sidechain,0.022222222222222223
SYSTEM,93,THR,sidechain,SYSTEM,120,GLU,sidechain,0.044444444444444446
SYSTEM,93,THR,sidechain,SYSTEM,97,ILE,sidechain,1.1555555555555554
SYSTEM,93,THR,sidechain,SYSTEM,91,LYS,sidechain,1.1888888888888889
SYSTEM,93,THR,sidechain,SYSTEM,118,LYS,sidechain,0.14444444444444443
SYSTEM,107,THR,sidechain,SYSTEM,103,ALA,sidechain,38.78888888888889
SYSTEM,107,THR,sidechain,SYSTEM,102,ASN,sidechain,13.600000000000001
SYSTEM,107,THR,sidechain,SYSTEM,106,ASN,sidechain,0.011111111111111112
SYSTEM,107,THR,sidechain,SYSTEM,108,ASN,sidechain,0.03333333333333333
SYSTEM,107,THR,sidechain,SYSTEM,84,GLU,sidechain,0.011111111111111112
SYSTEM,107,THR,sidechain,SYSTEM,82,LYS,sidechain,9.444444444444445
SYSTEM,107,THR,sidechain,SYSTEM,100,MET,sidechain,0.011111111111111112
SYSTEM,107,THR,sidechain,SYSTEM,83,PHE,sidechain,1.5444444444444445
SYSTEM,107,THR,sidechain,SYSTEM,105,PRO,sidechain,0.12222222222222222
SYSTEM,107,THR,sidechain,SYSTEM,77,SER,sidechain,2.944444444444444
SYSTEM,116,THR,sidechain,SYSTEM,117,ALA,sidechain,5.511111111111111
SYSTEM,116,THR,sidechain,SYSTEM,62,CYS,sidechain,29.37777777777778
SYSTEM,116,THR,sidechain,SYSTEM,140,GLU,sidechain,0.011111111111111112
SYSTEM,116,THR,sidechain,SYSTEM,143,GLU,sidechain,99.87777777777778
SYSTEM,119,THR,sidechain,SYSTEM,117,ALA,sidechain,3.6555555555555554
SYSTEM,119,THR,sidechain,SYSTEM,115,CYS,sidechain,97.37777777777778
SYSTEM,119,THR,sidechain,SYSTEM,92,HIS,sidechain,59.833333333333336
SYSTEM,119,THR,sidechain,SYSTEM,122,LEU,sidechain,86.22222222222223
SYSTEM,119,THR,sidechain,SYSTEM,61,MET,sidechain,0.3
SYSTEM,119,THR,sidechain,SYSTEM,60,PHE,sidechain,2.8777777777777778
SYSTEM,152,THR,sidechain,SYSTEM,55,ARG,sidechain,0.4888888888888889
SYSTEM,152,THR,sidechain,SYSTEM,56,ILE,sidechain,46.21111111111111
SYSTEM,152,THR,sidechain,SYSTEM,156,ILE,sidechain,0.4555555555555556
SYSTEM,152,THR,sidechain,SYSTEM,155,LYS,sidechain,0.17777777777777778
SYSTEM,152,THR,sidechain,SYSTEM,147,SER,sidechain,4.288888888888889
SYSTEM,157,THR,sidechain,SYSTEM,11,ALA,sidechain,15.211111111111112
SYSTEM,157,THR,sidechain,SYSTEM,159,ALA,sidechain,2.033333333333333
SYSTEM,157,THR,sidechain,SYSTEM,13,ASP,sidechain,0.011111111111111112
SYSTEM,157,THR,sidechain,SYSTEM,52,CYS,sidechain,67.25555555555556
SYSTEM,157,THR,sidechain,SYSTEM,155,LYS,sidechain,7.6
SYSTEM,121,TRP,sidechain,SYSTEM,120,GLU,sidechain,0.24444444444444444
SYSTEM,121,TRP,sidechain,SYSTEM,122,LEU,sidechain,4.444444444444445
SYSTEM,121,TRP,sidechain,SYSTEM,125,LYS,sidechain,1.288888888888889
SYSTEM,121,TRP,sidechain,SYSTEM,60,PHE,sidechain,0.2
SYSTEM,121,TRP,sidechain,SYSTEM,119,THR,sidechain,40.34444444444444
SYSTEM,48,TYR,sidechain,SYSTEM,39,LEU,sidechain,94.57777777777778
SYSTEM,48,TYR,sidechain,SYSTEM,36,PHE,sidechain,2.9000000000000004
SYSTEM,48,TYR,sidechain,SYSTEM,112,PHE,sidechain,3.6111111111111107
SYSTEM,48,TYR,sidechain,SYSTEM,40,SER,sidechain,3.022222222222222
SYSTEM,48,TYR,sidechain,SYSTEM,110,SER,sidechain,1.0666666666666667
SYSTEM,79,TYR,sidechain,SYSTEM,38,ALA,sidechain,0.06666666666666667
SYSTEM,79,TYR,sidechain,SYSTEM,35,ASN,sidechain,1.488888888888889
SYSTEM,79,TYR,sidechain,SYSTEM,108,ASN,sidechain,0.7555555555555555
SYSTEM,79,TYR,sidechain,SYSTEM,34,GLU,sidechain,1.3222222222222222
SYSTEM,79,TYR,sidechain,SYSTEM,81,GLU,sidechain,0.28888888888888886
SYSTEM,79,TYR,sidechain,SYSTEM,84,GLU,sidechain,0.1
SYSTEM,79,TYR,sidechain,SYSTEM,78,ILE,sidechain,55.68888888888889
SYSTEM,79,TYR,sidechain,SYSTEM,31,LYS,sidechain,32.022222222222226
SYSTEM,79,TYR,sidechain,SYSTEM,83,PHE,sidechain,11.644444444444444
SYSTEM,79,TYR,sidechain,SYSTEM,77,SER,sidechain,1.2
SYSTEM,2,VAL,sidechain,SYSTEM,26,ALA,sidechain,1.3333333333333335
SYSTEM,2,VAL,sidechain,SYSTEM,3,ASN,sidechain,0.4
SYSTEM,2,VAL,sidechain,SYSTEM,27,ASP,sidechain,2.1222222222222222
SYSTEM,2,VAL,sidechain,SYSTEM,4,PRO,sidechain,0.3
SYSTEM,6,VAL,sidechain,SYSTEM,163,GLN,sidechain,0.5888888888888889
SYSTEM,6,VAL,sidechain,SYSTEM,24,LEU,sidechain,44.15555555555555
SYSTEM,6,VAL,sidechain,SYSTEM,8,PHE,sidechain,0.011111111111111112
SYSTEM,6,VAL,sidechain,SYSTEM,36,PHE,sidechain,0.5888888888888889
SYSTEM,6,VAL,sidechain,SYSTEM,40,SER,sidechain,96.11111111111111
SYSTEM,12,VAL,sidechain,SYSTEM,13,ASP,sidechain,23.177777777777777
SYSTEM,12,VAL,sidechain,SYSTEM,15,GLU,sidechain,0.32222222222222224
SYSTEM,12,VAL,sidechain,SYSTEM,156,ILE,sidechain,58.544444444444444
SYSTEM,12,VAL,sidechain,SYSTEM,17,LEU,sidechain,32.077777777777776
SYSTEM,12,VAL,sidechain,SYSTEM,154,LYS,sidechain,6.877777777777777
SYSTEM,12,VAL,sidechain,SYSTEM,145,PHE,sidechain,47.27777777777778
SYSTEM,20,VAL,sidechain,SYSTEM,10,ILE,sidechain,0.15555555555555556
SYSTEM,20,VAL,sidechain,SYSTEM,138,ILE,sidechain,3.2333333333333334
SYSTEM,20,VAL,sidechain,SYSTEM,22,PHE,sidechain,18.2
SYSTEM,29,VAL,sidechain,SYSTEM,33,ALA,sidechain,0.9111111111111112
SYSTEM,29,VAL,sidechain,SYSTEM,87,ASN,sidechain,25.877777777777776
SYSTEM,29,VAL,sidechain,SYSTEM,86,GLU,sidechain,24.477777777777778
SYSTEM,29,VAL,sidechain,SYSTEM,89,ILE,sidechain,0.044444444444444446
SYSTEM,29,VAL,sidechain,SYSTEM,90,LEU,sidechain,0.2
SYSTEM,29,VAL,sidechain,SYSTEM,32,THR,sidechain,32.855555555555554
SYSTEM,127,VAL,sidechain,SYSTEM,103,ALA,sidechain,1.7666666666666668
SYSTEM,127,VAL,sidechain,SYSTEM,87,ASN,sidechain,4.433333333333334
SYSTEM,127,VAL,sidechain,SYSTEM,102,ASN,sidechain,1.7000000000000002
SYSTEM,127,VAL,sidechain,SYSTEM,108,ASN,sidechain,0.022222222222222223
SYSTEM,127,VAL,sidechain,SYSTEM,85,ASP,sidechain,14.988888888888887
SYSTEM,127,VAL,sidechain,SYSTEM,86,GLU,sidechain,0.23333333333333336
SYSTEM,127,VAL,sidechain,SYSTEM,100,MET,sidechain,3.5555555555555554
SYSTEM,127,VAL,sidechain,SYSTEM,83,PHE,sidechain,7.711111111111111
SYSTEM,127,VAL,sidechain,SYSTEM,88,PHE,sidechain,24.099999999999998
SYSTEM,127,VAL,sidechain,SYSTEM,32,THR,sidechain,33.65555555555556
SYSTEM,127,VAL,sidechain,SYSTEM,29,VAL,sidechain,2.4444444444444446
SYSTEM,128,VAL,sidechain,SYSTEM,92,HIS,sidechain,92.33333333333333
SYSTEM,128,VAL,sidechain,SYSTEM,97,ILE,sidechain,62.8
SYSTEM,128,VAL,sidechain,SYSTEM,90,LEU,sidechain,19.566666666666666
SYSTEM,128,VAL,sidechain,SYSTEM,99,SER,sidechain,93.36666666666666
SYSTEM,132,VAL,sidechain,SYSTEM,136,MET,sidechain,76.96666666666667
SYSTEM,132,VAL,sidechain,SYSTEM,22,PHE,sidechain,21.57777777777778
SYSTEM,132,VAL,sidechain,SYSTEM,20,VAL,sidechain,6.611111111111111
SYSTEM,139,VAL,sidechain,SYSTEM,62,CYS,sidechain,1.411111111111111
SYSTEM,139,VAL,sidechain,SYSTEM,114,ILE,sidechain,33.82222222222222
SYSTEM,139,VAL,sidechain,SYSTEM,136,MET,sidechain,63.522222222222226
SYSTEM,139,VAL,sidechain,SYSTEM,142,MET,sidechain,34.644444444444446
SYSTEM,139,VAL,sidechain,SYSTEM,116,THR,sidechain,0.011111111111111112
SYSTEM,139,VAL,sidechain,SYSTEM,20,VAL,sidechain,7.655555555555556
SYSTEM,139,VAL,sidechain,SYSTEM,132,VAL,sidechain,6.800000000000001
