SYSTEM,2,VAL,sidechain,SYSTEM,4,PRO,sidechain,0.10604322238474279
SYSTEM,2,VAL,sidechain,SYSTEM,26,ALA,sidechain,0.022610906054592605
SYSTEM,2,VAL,sidechain,SYSTEM,27,ASP,sidechain,0.24020067269438153
SYSTEM,2,VAL,sidechain,SYSTEM,133,LYS,sidechain,0.005059011943269705
SYSTEM,3,ASN,sidechain,SYSTEM,23,GLU,sidechain,8.778347730026695
SYSTEM,3,ASN,sidechain,SYSTEM,25,PHE,sidechain,2.9401194491093996
SYSTEM,3,ASN,sidechain,SYSTEM,26,ALA,sidechain,0.07641720390587964
SYSTEM,3,ASN,sidechain,SYSTEM,27,ASP,sidechain,0.6612055955001924
SYSTEM,4,PRO,sidechain,SYSTEM,2,VAL,sidechain,0.10604322238474279
SYSTEM,4,PRO,sidechain,SYSTEM,6,VAL,sidechain,0.05105784781487614
SYSTEM,4,PRO,sidechain,SYSTEM,24,LEU,sidechain,3.468372306615638
SYSTEM,4,PRO,sidechain,SYSTEM,26,ALA,sidechain,2.4985667477305014
SYSTEM,4,PRO,sidechain,SYSTEM,37,ARG,sidechain,0.9752337813382693
SYSTEM,4,PRO,sidechain,SYSTEM,163,GLN,sidechain,0.7649709222309465
SYSTEM,4,PRO,sidechain,SYSTEM,164,LEU,sidechain,0.003648997692388884
SYSTEM,5,THR,sidechain,SYSTEM,7,PHE,sidechain,0.09367326544310205
SYSTEM,5,THR,sidechain,SYSTEM,21,SER,sidechain,0.71420547499092
SYSTEM,5,THR,sidechain,SYSTEM,23,GLU,sidechain,0.24616108859393787
SYSTEM,5,THR,sidechain,SYSTEM,133,LYS,sidechain,4.746898119545678
SYSTEM,5,THR,sidechain,SYSTEM,164,LEU,sidechain,4.474235807030003
SYSTEM,6,VAL,sidechain,SYSTEM,4,PRO,sidechain,0.05105784781487614
SYSTEM,6,VAL,sidechain,SYSTEM,8,PHE,sidechain,0.2636317351966435
SYSTEM,6,VAL,sidechain,SYSTEM,22,PHE,sidechain,0.36413223093459035
SYSTEM,6,VAL,sidechain,SYSTEM,24,LEU,sidechain,3.469335198863859
SYSTEM,6,VAL,sidechain,SYSTEM,36,PHE,sidechain,1.3458327255342468
SYSTEM,6,VAL,sidechain,SYSTEM,40,SER,sidechain,4.47647548502987
SYSTEM,6,VAL,sidechain,SYSTEM,163,GLN,sidechain,0.5443721955831697
SYSTEM,7,PHE,sidechain,SYSTEM,5,THR,sidechain,0.09367326544310205
SYSTEM,7,PHE,sidechain,SYSTEM,9,ASP,sidechain,2.738676672720888
SYSTEM,7,PHE,sidechain,SYSTEM,19,ARG,sidechain,20.054990728884988
SYSTEM,7,PHE,sidechain,SYSTEM,21,SER,sidechain,0.3904937923431009
SYSTEM,7,PHE,sidechain,SYSTEM,160,ASP,sidechain,0.25210686425240714
SYSTEM,7,PHE,sidechain,SYSTEM,164,LEU,sidechain,4.341181158083544
SYSTEM,8,PHE,sidechain,SYSTEM,6,VAL,sidechain,0.2636317351966435
SYSTEM,8,PHE,sidechain,SYSTEM,10,ILE,sidechain,1.1498611631014037
SYSTEM,8,PHE,sidechain,SYSTEM,20,VAL,sidechain,0.07136991726317966
SYSTEM,8,PHE,sidechain,SYSTEM,22,PHE,sidechain,7.087622881304497
SYSTEM,8,PHE,sidechain,SYSTEM,36,PHE,sidechain,5.888490448261189
SYSTEM,8,PHE,sidechain,SYSTEM,40,SER,sidechain,2.2240529902248065
SYSTEM,8,PHE,sidechain,SYSTEM,48,TYR,sidechain,3.104923377357305
SYSTEM,8,PHE,sidechain,SYSTEM,53,PHE,sidechain,0.09645454525968784
SYSTEM,8,PHE,sidechain,SYSTEM,112,PHE,sidechain,4.360698083221912
SYSTEM,8,PHE,sidechain,SYSTEM,158,ILE,sidechain,11.95632335613218
SYSTEM,8,PHE,sidechain,SYSTEM,161,CYS,sidechain,2.353901321046634
SYSTEM,9,ASP,sidechain,SYSTEM,7,PHE,sidechain,2.738676672720888
SYSTEM,9,ASP,sidechain,SYSTEM,19,ARG,sidechain,14.792447690356708
SYSTEM,9,ASP,sidechain,SYSTEM,159,ALA,sidechain,0.015448673168028957
SYSTEM,9,ASP,sidechain,SYSTEM,160,ASP,sidechain,2.7929066381136898
SYSTEM,10,ILE,sidechain,SYSTEM,8,PHE,sidechain,1.1498611631014037
SYSTEM,10,ILE,sidechain,SYSTEM,17,LEU,sidechain,2.714924928445615
SYSTEM,10,ILE,sidechain,SYSTEM,20,VAL,sidechain,0.4403716316569808
SYSTEM,10,ILE,sidechain,SYSTEM,53,PHE,sidechain,0.410265997514336
SYSTEM,10,ILE,sidechain,SYSTEM,138,ILE,sidechain,0.528203447614973
SYSTEM,10,ILE,sidechain,SYSTEM,142,MET,sidechain,2.936597196613515
SYSTEM,10,ILE,sidechain,SYSTEM,156,ILE,sidechain,0.004905914374132879
SYSTEM,10,ILE,sidechain,SYSTEM,158,ILE,sidechain,0.19460127017393766
SYSTEM,11,ALA,sidechain,SYSTEM,16,PRO,sidechain,0.12669374198799746
SYSTEM,11,ALA,sidechain,SYSTEM,157,THR,sidechain,0.011185905858581037
SYSTEM,12,VAL,sidechain,SYSTEM,15,GLU,sidechain,0.03803188078639891
SYSTEM,12,VAL,sidechain,SYSTEM,17,LEU,sidechain,2.6715205204991688
SYSTEM,12,VAL,sidechain,SYSTEM,145,PHE,sidechain,5.445961645857744
SYSTEM,12,VAL,sidechain,SYSTEM,154,LYS,sidechain,1.5008402098366789
SYSTEM,12,VAL,sidechain,SYSTEM,156,ILE,sidechain,3.342045173582847
SYSTEM,13,ASP,sidechain,SYSTEM,154,LYS,sidechain,7.017501297425987
SYSTEM,13,ASP,sidechain,SYSTEM,155,LYS,sidechain,2.974142406264598
SYSTEM,13,ASP,sidechain,SYSTEM,157,THR,sidechain,0.004817447036948879
SYSTEM,15,GLU,sidechain,SYSTEM,12,VAL,sidechain,0.03803188078639891
SYSTEM,15,GLU,sidechain,SYSTEM,17,LEU,sidechain,0.011778255874848943
SYSTEM,15,GLU,sidechain,SYSTEM,144,ARG,sidechain,0.01550672534407487
SYSTEM,15,GLU,sidechain,SYSTEM,154,LYS,sidechain,0.008999776289273198
SYSTEM,16,PRO,sidechain,SYSTEM,11,ALA,sidechain,0.12669374198799746
SYSTEM,17,LEU,sidechain,SYSTEM,10,ILE,sidechain,2.714924928445615
SYSTEM,17,LEU,sidechain,SYSTEM,12,VAL,sidechain,2.6715205204991688
SYSTEM,17,LEU,sidechain,SYSTEM,15,GLU,sidechain,0.011778255874848943
SYSTEM,17,LEU,sidechain,SYSTEM,138,ILE,sidechain,1.3558766435870322
SYSTEM,17,LEU,sidechain,SYSTEM,141,ALA,sidechain,1.8871651889717895
SYSTEM,17,LEU,sidechain,SYSTEM,142,MET,sidechain,0.014136582787760284
SYSTEM,17,LEU,sidechain,SYSTEM,144,ARG,sidechain,0.004049286691154942
SYSTEM,17,LEU,sidechain,SYSTEM,145,PHE,sidechain,0.8999019545279153
SYSTEM,17,LEU,sidechain,SYSTEM,156,ILE,sidechain,0.004757461907322917
SYSTEM,19,ARG,sidechain,SYSTEM,7,PHE,sidechain,20.054990728884988
SYSTEM,19,ARG,sidechain,SYSTEM,9,ASP,sidechain,14.792447690356708
SYSTEM,19,ARG,sidechain,SYSTEM,134,GLU,sidechain,0.0038766813360187175
SYSTEM,19,ARG,sidechain,SYSTEM,160,ASP,sidechain,0.011911248923075143
SYSTEM,19,ARG,sidechain,SYSTEM,164,LEU,sidechain,0.03374405575962452
SYSTEM,20,VAL,sidechain,SYSTEM,8,PHE,sidechain,0.07136991726317966
SYSTEM,20,VAL,sidechain,SYSTEM,10,ILE,sidechain,0.4403716316569808
SYSTEM,20,VAL,sidechain,SYSTEM,22,PHE,sidechain,6.7364462722899585
SYSTEM,20,VAL,sidechain,SYSTEM,132,VAL,sidechain,2.7168795898563056
SYSTEM,20,VAL,sidechain,SYSTEM,138,ILE,sidechain,1.1299458145617076
SYSTEM,20,VAL,sidechain,SYSTEM,139,VAL,sidechain,2.743602995658174
SYSTEM,21,SER,sidechain,SYSTEM,5,THR,sidechain,0.71420547499092
SYSTEM,21,SER,sidechain,SYSTEM,7,PHE,sidechain,0.3904937923431009
SYSTEM,21,SER,sidechain,SYSTEM,133,LYS,sidechain,1.004489300790013
SYSTEM,21,SER,sidechain,SYSTEM,134,GLU,sidechain,0.7059471920218544
SYSTEM,21,SER,sidechain,SYSTEM,164,LEU,sidechain,0.018351055709144633
SYSTEM,22,PHE,sidechain,SYSTEM,6,VAL,sidechain,0.36413223093459035
SYSTEM,22,PHE,sidechain,SYSTEM,8,PHE,sidechain,7.087622881304497
SYSTEM,22,PHE,sidechain,SYSTEM,20,VAL,sidechain,6.7364462722899585
SYSTEM,22,PHE,sidechain,SYSTEM,24,LEU,sidechain,0.029771192480622686
SYSTEM,22,PHE,sidechain,SYSTEM,36,PHE,sidechain,2.0862760900613897
SYSTEM,22,PHE,sidechain,SYSTEM,98,LEU,sidechain,8.702660856494788
SYSTEM,22,PHE,sidechain,SYSTEM,114,ILE,sidechain,3.625411773953245
SYSTEM,22,PHE,sidechain,SYSTEM,132,VAL,sidechain,2.1381844600479183
SYSTEM,23,GLU,sidechain,SYSTEM,3,ASN,sidechain,8.778347730026695
SYSTEM,23,GLU,sidechain,SYSTEM,5,THR,sidechain,0.24616108859393787
SYSTEM,23,GLU,sidechain,SYSTEM,25,PHE,sidechain,1.3901281857720924
SYSTEM,23,GLU,sidechain,SYSTEM,131,LYS,sidechain,4.52088762264491
SYSTEM,23,GLU,sidechain,SYSTEM,133,LYS,sidechain,11.839205708538918
SYSTEM,24,LEU,sidechain,SYSTEM,4,PRO,sidechain,3.468372306615638
SYSTEM,24,LEU,sidechain,SYSTEM,6,VAL,sidechain,3.469335198863859
SYSTEM,24,LEU,sidechain,SYSTEM,22,PHE,sidechain,0.029771192480622686
SYSTEM,24,LEU,sidechain,SYSTEM,26,ALA,sidechain,0.021007404700984757
SYSTEM,24,LEU,sidechain,SYSTEM,33,ALA,sidechain,1.7278590366559858
SYSTEM,24,LEU,sidechain,SYSTEM,36,PHE,sidechain,4.629420430736848
SYSTEM,24,LEU,sidechain,SYSTEM,37,ARG,sidechain,0.004049286691154942
SYSTEM,24,LEU,sidechain,SYSTEM,129,PHE,sidechain,0.36131401783301176
SYSTEM,25,PHE,sidechain,SYSTEM,3,ASN,sidechain,2.9401194491093996
SYSTEM,25,PHE,sidechain,SYSTEM,23,GLU,sidechain,1.3901281857720924
SYSTEM,25,PHE,sidechain,SYSTEM,27,ASP,sidechain,0.035825712288499977
SYSTEM,25,PHE,sidechain,SYSTEM,28,LYS,sidechain,1.4145241824165466
SYSTEM,25,PHE,sidechain,SYSTEM,90,LEU,sidechain,5.195073087868681
SYSTEM,25,PHE,sidechain,SYSTEM,131,LYS,sidechain,3.3102071754211724
SYSTEM,26,ALA,sidechain,SYSTEM,2,VAL,sidechain,0.022610906054592605
SYSTEM,26,ALA,sidechain,SYSTEM,3,ASN,sidechain,0.07641720390587964
SYSTEM,26,ALA,sidechain,SYSTEM,4,PRO,sidechain,2.4985667477305014
SYSTEM,26,ALA,sidechain,SYSTEM,24,LEU,sidechain,0.021007404700984757
SYSTEM,27,ASP,sidechain,SYSTEM,2,VAL,sidechain,0.24020067269438153
SYSTEM,27,ASP,sidechain,SYSTEM,3,ASN,sidechain,0.6612055955001924
SYSTEM,27,ASP,sidechain,SYSTEM,25,PHE,sidechain,0.035825712288499977
SYSTEM,28,LYS,sidechain,SYSTEM,25,PHE,sidechain,1.4145241824165466
SYSTEM,28,LYS,sidechain,SYSTEM,86,GLU,sidechain,0.013499664433909797
SYSTEM,28,LYS,sidechain,SYSTEM,87,ASN,sidechain,0.013989065585025844
SYSTEM,28,LYS,sidechain,SYSTEM,89,ILE,sidechain,1.279583738934559
SYSTEM,28,LYS,sidechain,SYSTEM,90,LEU,sidechain,2.7386738486260507
SYSTEM,29,VAL,sidechain,SYSTEM,32,THR,sidechain,2.8820498910610364
SYSTEM,29,VAL,sidechain,SYSTEM,86,GLU,sidechain,3.0774130202994456
SYSTEM,29,VAL,sidechain,SYSTEM,87,ASN,sidechain,1.4598359533089598
SYSTEM,29,VAL,sidechain,SYSTEM,89,ILE,sidechain,0.025603001840522183
SYSTEM,29,VAL,sidechain,SYSTEM,90,LEU,sidechain,0.05793260112606587
SYSTEM,29,VAL,sidechain,SYSTEM,127,VAL,sidechain,1.0742809132349767
SYSTEM,29,VAL,sidechain,SYSTEM,129,PHE,sidechain,1.3968112378650959
SYSTEM,30,PRO,sidechain,SYSTEM,86,GLU,sidechain,2.7126678864313685
SYSTEM,30,PRO,sidechain,SYSTEM,87,ASN,sidechain,0.34752986537996905
SYSTEM,31,LYS,sidechain,SYSTEM,79,TYR,sidechain,6.236846807441637
SYSTEM,31,LYS,sidechain,SYSTEM,81,GLU,sidechain,1.9019527224664037
SYSTEM,31,LYS,sidechain,SYSTEM,82,LYS,sidechain,0.004788611532508926
SYSTEM,31,LYS,sidechain,SYSTEM,83,PHE,sidechain,3.7803365576863275
SYSTEM,31,LYS,sidechain,SYSTEM,84,GLU,sidechain,2.0534489566691687
SYSTEM,31,LYS,sidechain,SYSTEM,86,GLU,sidechain,6.185846236160444
SYSTEM,31,LYS,sidechain,SYSTEM,87,ASN,sidechain,0.06683664668401236
SYSTEM,32,THR,sidechain,SYSTEM,29,VAL,sidechain,2.8820498910610364
SYSTEM,32,THR,sidechain,SYSTEM,83,PHE,sidechain,2.1746608854406286
SYSTEM,32,THR,sidechain,SYSTEM,85,ASP,sidechain,0.020875603826778475
SYSTEM,32,THR,sidechain,SYSTEM,86,GLU,sidechain,3.2486992074308234
SYSTEM,32,THR,sidechain,SYSTEM,87,ASN,sidechain,0.10073425386455157
SYSTEM,32,THR,sidechain,SYSTEM,100,MET,sidechain,3.7385932063846603
SYSTEM,32,THR,sidechain,SYSTEM,108,ASN,sidechain,0.004874238090220237
SYSTEM,32,THR,sidechain,SYSTEM,127,VAL,sidechain,1.799738800472989
SYSTEM,32,THR,sidechain,SYSTEM,129,PHE,sidechain,8.858608656596104
SYSTEM,33,ALA,sidechain,SYSTEM,24,LEU,sidechain,1.7278590366559858
SYSTEM,33,ALA,sidechain,SYSTEM,129,PHE,sidechain,0.03851193091814191
SYSTEM,34,GLU,sidechain,SYSTEM,37,ARG,sidechain,12.661241243437109
SYSTEM,34,GLU,sidechain,SYSTEM,38,ALA,sidechain,0.03519589618726771
SYSTEM,34,GLU,sidechain,SYSTEM,43,GLU,sidechain,0.004228572975020974
SYSTEM,34,GLU,sidechain,SYSTEM,44,LYS,sidechain,0.007499813574394331
SYSTEM,34,GLU,sidechain,SYSTEM,78,ILE,sidechain,0.04251025141870891
SYSTEM,34,GLU,sidechain,SYSTEM,79,TYR,sidechain,1.3766654200232162
SYSTEM,35,ASN,sidechain,SYSTEM,39,LEU,sidechain,3.023850955049131
SYSTEM,35,ASN,sidechain,SYSTEM,48,TYR,sidechain,0.003876558284826199
SYSTEM,35,ASN,sidechain,SYSTEM,77,SER,sidechain,6.132024638083427
SYSTEM,35,ASN,sidechain,SYSTEM,78,ILE,sidechain,6.502296670870868
SYSTEM,35,ASN,sidechain,SYSTEM,79,TYR,sidechain,2.5649893984599994
SYSTEM,35,ASN,sidechain,SYSTEM,83,PHE,sidechain,3.8127576417674423
SYSTEM,35,ASN,sidechain,SYSTEM,100,MET,sidechain,0.19634497316820954
SYSTEM,35,ASN,sidechain,SYSTEM,108,ASN,sidechain,0.004540725998516999
SYSTEM,35,ASN,sidechain,SYSTEM,110,SER,sidechain,0.25488037631979793
SYSTEM,36,PHE,sidechain,SYSTEM,6,VAL,sidechain,1.3458327255342468
SYSTEM,36,PHE,sidechain,SYSTEM,8,PHE,sidechain,5.888490448261189
SYSTEM,36,PHE,sidechain,SYSTEM,22,PHE,sidechain,2.0862760900613897
SYSTEM,36,PHE,sidechain,SYSTEM,24,LEU,sidechain,4.629420430736848
SYSTEM,36,PHE,sidechain,SYSTEM,40,SER,sidechain,2.4104917557419983
SYSTEM,36,PHE,sidechain,SYSTEM,48,TYR,sidechain,8.402433842527287
SYSTEM,36,PHE,sidechain,SYSTEM,98,LEU,sidechain,6.7918915936475415
SYSTEM,36,PHE,sidechain,SYSTEM,100,MET,sidechain,0.04146553903179077
SYSTEM,36,PHE,sidechain,SYSTEM,112,PHE,sidechain,7.175741848578777
SYSTEM,36,PHE,sidechain,SYSTEM,129,PHE,sidechain,9.659744088229505
SYSTEM,37,ARG,sidechain,SYSTEM,4,PRO,sidechain,0.9752337813382693
SYSTEM,37,ARG,sidechain,SYSTEM,24,LEU,sidechain,0.004049286691154942
SYSTEM,37,ARG,sidechain,SYSTEM,34,GLU,sidechain,12.661241243437109
SYSTEM,37,ARG,sidechain,SYSTEM,41,THR,sidechain,2.0655836773268827
SYSTEM,37,ARG,sidechain,SYSTEM,43,GLU,sidechain,10.799141975036127
SYSTEM,37,ARG,sidechain,SYSTEM,163,GLN,sidechain,10.233371296653914
SYSTEM,38,ALA,sidechain,SYSTEM,34,GLU,sidechain,0.03519589618726771
SYSTEM,38,ALA,sidechain,SYSTEM,43,GLU,sidechain,2.529076540313661
SYSTEM,38,ALA,sidechain,SYSTEM,44,LYS,sidechain,1.0933044013303372
SYSTEM,38,ALA,sidechain,SYSTEM,78,ILE,sidechain,1.9424420525437214
SYSTEM,39,LEU,sidechain,SYSTEM,35,ASN,sidechain,3.023850955049131
SYSTEM,39,LEU,sidechain,SYSTEM,46,PHE,sidechain,1.0189867244504067
SYSTEM,39,LEU,sidechain,SYSTEM,48,TYR,sidechain,11.478933055014817
SYSTEM,39,LEU,sidechain,SYSTEM,67,PHE,sidechain,1.945953399415254
SYSTEM,39,LEU,sidechain,SYSTEM,78,ILE,sidechain,1.4050370832960337
SYSTEM,39,LEU,sidechain,SYSTEM,110,SER,sidechain,0.04504350037699137
SYSTEM,40,SER,sidechain,SYSTEM,6,VAL,sidechain,4.47647548502987
SYSTEM,40,SER,sidechain,SYSTEM,8,PHE,sidechain,2.2240529902248065
SYSTEM,40,SER,sidechain,SYSTEM,36,PHE,sidechain,2.4104917557419983
SYSTEM,40,SER,sidechain,SYSTEM,48,TYR,sidechain,0.731924796468045
SYSTEM,40,SER,sidechain,SYSTEM,161,CYS,sidechain,1.0406301158800888
SYSTEM,41,THR,sidechain,SYSTEM,37,ARG,sidechain,2.0655836773268827
SYSTEM,41,THR,sidechain,SYSTEM,43,GLU,sidechain,11.35633608080184
SYSTEM,41,THR,sidechain,SYSTEM,163,GLN,sidechain,3.4002093820784296
SYSTEM,43,GLU,sidechain,SYSTEM,34,GLU,sidechain,0.004228572975020974
SYSTEM,43,GLU,sidechain,SYSTEM,37,ARG,sidechain,10.799141975036127
SYSTEM,43,GLU,sidechain,SYSTEM,38,ALA,sidechain,2.529076540313661
SYSTEM,43,GLU,sidechain,SYSTEM,41,THR,sidechain,11.35633608080184
SYSTEM,44,LYS,sidechain,SYSTEM,34,GLU,sidechain,0.007499813574394331
SYSTEM,44,LYS,sidechain,SYSTEM,38,ALA,sidechain,1.0933044013303372
SYSTEM,44,LYS,sidechain,SYSTEM,46,PHE,sidechain,2.8318057219138195
SYSTEM,44,LYS,sidechain,SYSTEM,78,ILE,sidechain,3.9469988310821953
SYSTEM,44,LYS,sidechain,SYSTEM,79,TYR,sidechain,0.17250852871647113
SYSTEM,46,PHE,sidechain,SYSTEM,39,LEU,sidechain,1.0189867244504067
SYSTEM,46,PHE,sidechain,SYSTEM,44,LYS,sidechain,2.8318057219138195
SYSTEM,46,PHE,sidechain,SYSTEM,49,LYS,sidechain,0.0675552484779833
SYSTEM,46,PHE,sidechain,SYSTEM,67,PHE,sidechain,3.073446682904356
SYSTEM,46,PHE,sidechain,SYSTEM,76,LYS,sidechain,11.267939710419519
SYSTEM,46,PHE,sidechain,SYSTEM,78,ILE,sidechain,0.6279581594607182
SYSTEM,48,TYR,sidechain,SYSTEM,8,PHE,sidechain,3.104923377357305
SYSTEM,48,TYR,sidechain,SYSTEM,35,ASN,sidechain,0.003876558284826199
SYSTEM,48,TYR,sidechain,SYSTEM,36,PHE,sidechain,8.402433842527287
SYSTEM,48,TYR,sidechain,SYSTEM,39,LEU,sidechain,11.478933055014817
SYSTEM,48,TYR,sidechain,SYSTEM,40,SER,sidechain,0.731924796468045
SYSTEM,48,TYR,sidechain,SYSTEM,51,SER,sidechain,0.4337855453970854
SYSTEM,48,TYR,sidechain,SYSTEM,67,PHE,sidechain,2.728985810811273
SYSTEM,48,TYR,sidechain,SYSTEM,110,SER,sidechain,2.7694451758250422
SYSTEM,48,TYR,sidechain,SYSTEM,112,PHE,sidechain,8.73710996884263
SYSTEM,48,TYR,sidechain,SYSTEM,158,ILE,sidechain,0.0765591764322028
SYSTEM,49,LYS,sidechain,SYSTEM,46,PHE,sidechain,0.0675552484779833
SYSTEM,49,LYS,sidechain,SYSTEM,160,ASP,sidechain,8.412398665653376
SYSTEM,49,LYS,sidechain,SYSTEM,161,CYS,sidechain,0.6682992110640871
SYSTEM,51,SER,sidechain,SYSTEM,48,TYR,sidechain,0.4337855453970854
SYSTEM,51,SER,sidechain,SYSTEM,67,PHE,sidechain,0.18350272196574294
SYSTEM,51,SER,sidechain,SYSTEM,70,HIS,sidechain,0.23864799868410377
SYSTEM,51,SER,sidechain,SYSTEM,158,ILE,sidechain,1.021878961059714
SYSTEM,52,CYS,sidechain,SYSTEM,54,HIS,sidechain,2.3210104738856208
SYSTEM,52,CYS,sidechain,SYSTEM,70,HIS,sidechain,1.2366710711246554
SYSTEM,52,CYS,sidechain,SYSTEM,155,LYS,sidechain,2.085740279691957
SYSTEM,52,CYS,sidechain,SYSTEM,157,THR,sidechain,3.1642238626172
SYSTEM,53,PHE,sidechain,SYSTEM,8,PHE,sidechain,0.09645454525968784
SYSTEM,53,PHE,sidechain,SYSTEM,10,ILE,sidechain,0.410265997514336
SYSTEM,53,PHE,sidechain,SYSTEM,56,ILE,sidechain,1.3647623998946277
SYSTEM,53,PHE,sidechain,SYSTEM,62,CYS,sidechain,0.1380996819862559
SYSTEM,53,PHE,sidechain,SYSTEM,112,PHE,sidechain,2.5149629578822124
SYSTEM,53,PHE,sidechain,SYSTEM,114,ILE,sidechain,0.5065529152983126
SYSTEM,53,PHE,sidechain,SYSTEM,142,MET,sidechain,6.825227724632755
SYSTEM,53,PHE,sidechain,SYSTEM,156,ILE,sidechain,2.5760239163655347
SYSTEM,53,PHE,sidechain,SYSTEM,158,ILE,sidechain,3.522147543286364
SYSTEM,54,HIS,sidechain,SYSTEM,52,CYS,sidechain,2.3210104738856208
SYSTEM,54,HIS,sidechain,SYSTEM,63,GLN,sidechain,5.86708721753244
SYSTEM,54,HIS,sidechain,SYSTEM,66,ASP,sidechain,0.673721992235344
SYSTEM,54,HIS,sidechain,SYSTEM,70,HIS,sidechain,0.33040467407171226
SYSTEM,54,HIS,sidechain,SYSTEM,111,GLN,sidechain,0.4753013760866834
SYSTEM,54,HIS,sidechain,SYSTEM,151,LYS,sidechain,0.039294462997084466
SYSTEM,54,HIS,sidechain,SYSTEM,155,LYS,sidechain,0.004366051444120497
SYSTEM,55,ARG,sidechain,SYSTEM,57,ILE,sidechain,4.693420669928944
SYSTEM,55,ARG,sidechain,SYSTEM,60,PHE,sidechain,0.003563220147270078
SYSTEM,55,ARG,sidechain,SYSTEM,61,MET,sidechain,1.7687906694052606
SYSTEM,55,ARG,sidechain,SYSTEM,63,GLN,sidechain,6.7923937081925345
SYSTEM,55,ARG,sidechain,SYSTEM,71,ASN,sidechain,0.029459628274486144
SYSTEM,55,ARG,sidechain,SYSTEM,73,THR,sidechain,0.058934537766459745
SYSTEM,55,ARG,sidechain,SYSTEM,113,PHE,sidechain,0.003563220147270078
SYSTEM,55,ARG,sidechain,SYSTEM,147,SER,sidechain,0.007321266631499527
SYSTEM,55,ARG,sidechain,SYSTEM,148,ARG,sidechain,0.003554073270063721
SYSTEM,55,ARG,sidechain,SYSTEM,149,ASN,sidechain,0.004017222037429928
SYSTEM,55,ARG,sidechain,SYSTEM,151,LYS,sidechain,0.13613880429369588
SYSTEM,56,ILE,sidechain,SYSTEM,53,PHE,sidechain,1.3647623998946277
SYSTEM,56,ILE,sidechain,SYSTEM,58,PRO,sidechain,0.13546301385990608
SYSTEM,56,ILE,sidechain,SYSTEM,62,CYS,sidechain,6.249751063206837
SYSTEM,56,ILE,sidechain,SYSTEM,142,MET,sidechain,0.24134196486233697
SYSTEM,56,ILE,sidechain,SYSTEM,152,THR,sidechain,4.269331601760824
SYSTEM,56,ILE,sidechain,SYSTEM,156,ILE,sidechain,0.20114248933944823
SYSTEM,57,ILE,sidechain,SYSTEM,55,ARG,sidechain,4.693420669928944
SYSTEM,57,ILE,sidechain,SYSTEM,60,PHE,sidechain,5.500913476875945
SYSTEM,57,ILE,sidechain,SYSTEM,61,MET,sidechain,1.2488231873077975
SYSTEM,57,ILE,sidechain,SYSTEM,63,GLN,sidechain,0.08692481308197246
SYSTEM,57,ILE,sidechain,SYSTEM,148,ARG,sidechain,0.5372658299503522
SYSTEM,58,PRO,sidechain,SYSTEM,56,ILE,sidechain,0.13546301385990608
SYSTEM,58,PRO,sidechain,SYSTEM,143,GLU,sidechain,4.303936685233035
SYSTEM,58,PRO,sidechain,SYSTEM,148,ARG,sidechain,1.7599046398863027
SYSTEM,60,PHE,sidechain,SYSTEM,55,ARG,sidechain,0.003563220147270078
SYSTEM,60,PHE,sidechain,SYSTEM,57,ILE,sidechain,5.500913476875945
SYSTEM,60,PHE,sidechain,SYSTEM,113,PHE,sidechain,0.004763187420231496
SYSTEM,60,PHE,sidechain,SYSTEM,117,ALA,sidechain,0.0061619089469027045
SYSTEM,60,PHE,sidechain,SYSTEM,119,THR,sidechain,1.81726134959618
SYSTEM,60,PHE,sidechain,SYSTEM,121,TRP,sidechain,6.2046941356773315
SYSTEM,60,PHE,sidechain,SYSTEM,122,LEU,sidechain,0.8796034142002175
SYSTEM,60,PHE,sidechain,SYSTEM,148,ARG,sidechain,0.17459778721623384
SYSTEM,61,MET,sidechain,SYSTEM,55,ARG,sidechain,1.7687906694052606
SYSTEM,61,MET,sidechain,SYSTEM,57,ILE,sidechain,1.2488231873077975
SYSTEM,61,MET,sidechain,SYSTEM,63,GLN,sidechain,4.108522601147691
SYSTEM,61,MET,sidechain,SYSTEM,113,PHE,sidechain,10.628999838482342
SYSTEM,61,MET,sidechain,SYSTEM,115,CYS,sidechain,0.14048360917697097
SYSTEM,61,MET,sidechain,SYSTEM,119,THR,sidechain,0.016727486382034393
SYSTEM,61,MET,sidechain,SYSTEM,121,TRP,sidechain,0.003877563388476366
SYSTEM,61,MET,sidechain,SYSTEM,122,LEU,sidechain,0.018848777050347047
SYSTEM,61,MET,sidechain,SYSTEM,126,HIS,sidechain,0.01896767026066933
SYSTEM,62,CYS,sidechain,SYSTEM,53,PHE,sidechain,0.1380996819862559
SYSTEM,62,CYS,sidechain,SYSTEM,56,ILE,sidechain,6.249751063206837
SYSTEM,62,CYS,sidechain,SYSTEM,114,ILE,sidechain,1.0364731178434419
SYSTEM,62,CYS,sidechain,SYSTEM,116,THR,sidechain,0.088260250173892
SYSTEM,62,CYS,sidechain,SYSTEM,139,VAL,sidechain,0.11767272090940681
SYSTEM,62,CYS,sidechain,SYSTEM,142,MET,sidechain,4.571120513989151
SYSTEM,63,GLN,sidechain,SYSTEM,54,HIS,sidechain,5.86708721753244
SYSTEM,63,GLN,sidechain,SYSTEM,55,ARG,sidechain,6.7923937081925345
SYSTEM,63,GLN,sidechain,SYSTEM,57,ILE,sidechain,0.08692481308197246
SYSTEM,63,GLN,sidechain,SYSTEM,61,MET,sidechain,4.108522601147691
SYSTEM,63,GLN,sidechain,SYSTEM,101,ALA,sidechain,1.319842362426662
SYSTEM,63,GLN,sidechain,SYSTEM,111,GLN,sidechain,2.8158161835195545
SYSTEM,63,GLN,sidechain,SYSTEM,113,PHE,sidechain,6.12667508201723
SYSTEM,66,ASP,sidechain,SYSTEM,54,HIS,sidechain,0.673721992235344
SYSTEM,66,ASP,sidechain,SYSTEM,68,THR,sidechain,1.2509304139277204
SYSTEM,66,ASP,sidechain,SYSTEM,69,ARG,sidechain,3.725573968717363
SYSTEM,66,ASP,sidechain,SYSTEM,70,HIS,sidechain,0.0042020082675801075
SYSTEM,66,ASP,sidechain,SYSTEM,71,ASN,sidechain,0.1914803534480197
SYSTEM,66,ASP,sidechain,SYSTEM,73,THR,sidechain,0.028904682221693272
SYSTEM,66,ASP,sidechain,SYSTEM,111,GLN,sidechain,1.79080683361355
SYSTEM,67,PHE,sidechain,SYSTEM,39,LEU,sidechain,1.945953399415254
SYSTEM,67,PHE,sidechain,SYSTEM,46,PHE,sidechain,3.073446682904356
SYSTEM,67,PHE,sidechain,SYSTEM,48,TYR,sidechain,2.728985810811273
SYSTEM,67,PHE,sidechain,SYSTEM,51,SER,sidechain,0.18350272196574294
SYSTEM,67,PHE,sidechain,SYSTEM,70,HIS,sidechain,0.018855303018264047
SYSTEM,67,PHE,sidechain,SYSTEM,76,LYS,sidechain,0.9209572649651573
SYSTEM,67,PHE,sidechain,SYSTEM,110,SER,sidechain,3.799240355578729
SYSTEM,68,THR,sidechain,SYSTEM,66,ASP,sidechain,1.2509304139277204
SYSTEM,68,THR,sidechain,SYSTEM,76,LYS,sidechain,0.2869829443099664
SYSTEM,69,ARG,sidechain,SYSTEM,66,ASP,sidechain,3.725573968717363
SYSTEM,69,ARG,sidechain,SYSTEM,71,ASN,sidechain,1.7742730665315543
SYSTEM,69,ARG,sidechain,SYSTEM,73,THR,sidechain,4.90737833987056
SYSTEM,69,ARG,sidechain,SYSTEM,81,GLU,sidechain,0.007753362672037435
SYSTEM,70,HIS,sidechain,SYSTEM,51,SER,sidechain,0.23864799868410377
SYSTEM,70,HIS,sidechain,SYSTEM,52,CYS,sidechain,1.2366710711246554
SYSTEM,70,HIS,sidechain,SYSTEM,54,HIS,sidechain,0.33040467407171226
SYSTEM,70,HIS,sidechain,SYSTEM,66,ASP,sidechain,0.0042020082675801075
SYSTEM,70,HIS,sidechain,SYSTEM,67,PHE,sidechain,0.018855303018264047
SYSTEM,70,HIS,sidechain,SYSTEM,155,LYS,sidechain,0.04802656588532546
SYSTEM,71,ASN,sidechain,SYSTEM,55,ARG,sidechain,0.029459628274486144
SYSTEM,71,ASN,sidechain,SYSTEM,66,ASP,sidechain,0.1914803534480197
SYSTEM,71,ASN,sidechain,SYSTEM,69,ARG,sidechain,1.7742730665315543
SYSTEM,71,ASN,sidechain,SYSTEM,73,THR,sidechain,4.123605424326364
SYSTEM,71,ASN,sidechain,SYSTEM,151,LYS,sidechain,0.13522763398858317
SYSTEM,73,THR,sidechain,SYSTEM,55,ARG,sidechain,0.058934537766459745
SYSTEM,73,THR,sidechain,SYSTEM,66,ASP,sidechain,0.028904682221693272
SYSTEM,73,THR,sidechain,SYSTEM,69,ARG,sidechain,4.90737833987056
SYSTEM,73,THR,sidechain,SYSTEM,71,ASN,sidechain,4.123605424326364
SYSTEM,76,LYS,sidechain,SYSTEM,46,PHE,sidechain,11.267939710419519
SYSTEM,76,LYS,sidechain,SYSTEM,67,PHE,sidechain,0.9209572649651573
SYSTEM,76,LYS,sidechain,SYSTEM,68,THR,sidechain,0.2869829443099664
SYSTEM,76,LYS,sidechain,SYSTEM,78,ILE,sidechain,0.011309452238057953
SYSTEM,76,LYS,sidechain,SYSTEM,81,GLU,sidechain,0.16349593592179645
SYSTEM,76,LYS,sidechain,SYSTEM,107,THR,sidechain,0.006674021960696894
SYSTEM,76,LYS,sidechain,SYSTEM,108,ASN,sidechain,0.038858515513960676
SYSTEM,77,SER,sidechain,SYSTEM,35,ASN,sidechain,6.132024638083427
SYSTEM,77,SER,sidechain,SYSTEM,79,TYR,sidechain,2.3568543639164217
SYSTEM,77,SER,sidechain,SYSTEM,83,PHE,sidechain,2.6820757842512988
SYSTEM,77,SER,sidechain,SYSTEM,107,THR,sidechain,0.17766305348032868
SYSTEM,77,SER,sidechain,SYSTEM,108,ASN,sidechain,0.9152522604210923
SYSTEM,77,SER,sidechain,SYSTEM,110,SER,sidechain,0.3673866358858202
SYSTEM,78,ILE,sidechain,SYSTEM,34,GLU,sidechain,0.04251025141870891
SYSTEM,78,ILE,sidechain,SYSTEM,35,ASN,sidechain,6.502296670870868
SYSTEM,78,ILE,sidechain,SYSTEM,38,ALA,sidechain,1.9424420525437214
SYSTEM,78,ILE,sidechain,SYSTEM,39,LEU,sidechain,1.4050370832960337
SYSTEM,78,ILE,sidechain,SYSTEM,44,LYS,sidechain,3.9469988310821953
SYSTEM,78,ILE,sidechain,SYSTEM,46,PHE,sidechain,0.6279581594607182
SYSTEM,78,ILE,sidechain,SYSTEM,76,LYS,sidechain,0.011309452238057953
SYSTEM,78,ILE,sidechain,SYSTEM,83,PHE,sidechain,0.0795413668650244
SYSTEM,79,TYR,sidechain,SYSTEM,31,LYS,sidechain,6.236846807441637
SYSTEM,79,TYR,sidechain,SYSTEM,34,GLU,sidechain,1.3766654200232162
SYSTEM,79,TYR,sidechain,SYSTEM,35,ASN,sidechain,2.5649893984599994
SYSTEM,79,TYR,sidechain,SYSTEM,44,LYS,sidechain,0.17250852871647113
SYSTEM,79,TYR,sidechain,SYSTEM,77,SER,sidechain,2.3568543639164217
SYSTEM,79,TYR,sidechain,SYSTEM,81,GLU,sidechain,0.571116632582096
SYSTEM,79,TYR,sidechain,SYSTEM,83,PHE,sidechain,5.823593828110949
SYSTEM,79,TYR,sidechain,SYSTEM,84,GLU,sidechain,0.3304495799874572
SYSTEM,79,TYR,sidechain,SYSTEM,108,ASN,sidechain,0.6292946282367858
SYSTEM,81,GLU,sidechain,SYSTEM,31,LYS,sidechain,1.9019527224664037
SYSTEM,81,GLU,sidechain,SYSTEM,69,ARG,sidechain,0.007753362672037435
SYSTEM,81,GLU,sidechain,SYSTEM,76,LYS,sidechain,0.16349593592179645
SYSTEM,81,GLU,sidechain,SYSTEM,79,TYR,sidechain,0.571116632582096
SYSTEM,81,GLU,sidechain,SYSTEM,83,PHE,sidechain,0.472876782671773
SYSTEM,81,GLU,sidechain,SYSTEM,106,ASN,sidechain,0.043818707471015295
SYSTEM,81,GLU,sidechain,SYSTEM,108,ASN,sidechain,0.014606235823671763
SYSTEM,82,LYS,sidechain,SYSTEM,31,LYS,sidechain,0.004788611532508926
SYSTEM,82,LYS,sidechain,SYSTEM,84,GLU,sidechain,2.2484441096034233
SYSTEM,82,LYS,sidechain,SYSTEM,85,ASP,sidechain,0.34718811147510276
SYSTEM,82,LYS,sidechain,SYSTEM,103,ALA,sidechain,0.13019775089252014
SYSTEM,82,LYS,sidechain,SYSTEM,105,PRO,sidechain,0.10966929978828299
SYSTEM,82,LYS,sidechain,SYSTEM,106,ASN,sidechain,0.3062051022500102
SYSTEM,82,LYS,sidechain,SYSTEM,107,THR,sidechain,1.0778545466525504
SYSTEM,82,LYS,sidechain,SYSTEM,108,ASN,sidechain,0.8890828349594215
SYSTEM,83,PHE,sidechain,SYSTEM,31,LYS,sidechain,3.7803365576863275
SYSTEM,83,PHE,sidechain,SYSTEM,32,THR,sidechain,2.1746608854406286
SYSTEM,83,PHE,sidechain,SYSTEM,35,ASN,sidechain,3.8127576417674423
SYSTEM,83,PHE,sidechain,SYSTEM,77,SER,sidechain,2.6820757842512988
SYSTEM,83,PHE,sidechain,SYSTEM,78,ILE,sidechain,0.0795413668650244
SYSTEM,83,PHE,sidechain,SYSTEM,79,TYR,sidechain,5.823593828110949
SYSTEM,83,PHE,sidechain,SYSTEM,81,GLU,sidechain,0.472876782671773
SYSTEM,83,PHE,sidechain,SYSTEM,85,ASP,sidechain,0.023883808192333315
SYSTEM,83,PHE,sidechain,SYSTEM,86,GLU,sidechain,0.05959543014493576
SYSTEM,83,PHE,sidechain,SYSTEM,87,ASN,sidechain,0.6685751076056996
SYSTEM,83,PHE,sidechain,SYSTEM,88,PHE,sidechain,0.2738832766633109
SYSTEM,83,PHE,sidechain,SYSTEM,100,MET,sidechain,0.8099601957543128
SYSTEM,83,PHE,sidechain,SYSTEM,102,ASN,sidechain,0.018795284149557827
SYSTEM,83,PHE,sidechain,SYSTEM,103,ALA,sidechain,0.09088815696681489
SYSTEM,83,PHE,sidechain,SYSTEM,105,PRO,sidechain,0.009632942604382699
SYSTEM,83,PHE,sidechain,SYSTEM,107,THR,sidechain,0.37325193461174494
SYSTEM,83,PHE,sidechain,SYSTEM,108,ASN,sidechain,3.270379442023061
SYSTEM,83,PHE,sidechain,SYSTEM,127,VAL,sidechain,0.9642221475147955
SYSTEM,84,GLU,sidechain,SYSTEM,31,LYS,sidechain,2.0534489566691687
SYSTEM,84,GLU,sidechain,SYSTEM,79,TYR,sidechain,0.3304495799874572
SYSTEM,84,GLU,sidechain,SYSTEM,82,LYS,sidechain,2.2484441096034233
SYSTEM,84,GLU,sidechain,SYSTEM,86,GLU,sidechain,1.061371816730264
SYSTEM,84,GLU,sidechain,SYSTEM,87,ASN,sidechain,0.8004217231372127
SYSTEM,84,GLU,sidechain,SYSTEM,105,PRO,sidechain,0.0052401826524752495
SYSTEM,84,GLU,sidechain,SYSTEM,106,ASN,sidechain,0.446950816204356
SYSTEM,85,ASP,sidechain,SYSTEM,32,THR,sidechain,0.020875603826778475
SYSTEM,85,ASP,sidechain,SYSTEM,82,LYS,sidechain,0.34718811147510276
SYSTEM,85,ASP,sidechain,SYSTEM,83,PHE,sidechain,0.023883808192333315
SYSTEM,85,ASP,sidechain,SYSTEM,87,ASN,sidechain,0.029918805226253082
SYSTEM,85,ASP,sidechain,SYSTEM,88,PHE,sidechain,1.27911061652274
SYSTEM,85,ASP,sidechain,SYSTEM,102,ASN,sidechain,0.5146034498915524
SYSTEM,85,ASP,sidechain,SYSTEM,105,PRO,sidechain,0.04472404972040263
SYSTEM,85,ASP,sidechain,SYSTEM,106,ASN,sidechain,0.6148314473995001
SYSTEM,85,ASP,sidechain,SYSTEM,108,ASN,sidechain,2.8198473925743603
SYSTEM,85,ASP,sidechain,SYSTEM,125,LYS,sidechain,0.006144922326992971
SYSTEM,85,ASP,sidechain,SYSTEM,127,VAL,sidechain,0.9900162861052213
SYSTEM,86,GLU,sidechain,SYSTEM,28,LYS,sidechain,0.013499664433909797
SYSTEM,86,GLU,sidechain,SYSTEM,29,VAL,sidechain,3.0774130202994456
SYSTEM,86,GLU,sidechain,SYSTEM,30,PRO,sidechain,2.7126678864313685
SYSTEM,86,GLU,sidechain,SYSTEM,31,LYS,sidechain,6.185846236160444
SYSTEM,86,GLU,sidechain,SYSTEM,32,THR,sidechain,3.2486992074308234
SYSTEM,86,GLU,sidechain,SYSTEM,83,PHE,sidechain,0.05959543014493576
SYSTEM,86,GLU,sidechain,SYSTEM,84,GLU,sidechain,1.061371816730264
SYSTEM,86,GLU,sidechain,SYSTEM,88,PHE,sidechain,0.07643761692502629
SYSTEM,86,GLU,sidechain,SYSTEM,127,VAL,sidechain,0.23928391661442616
SYSTEM,87,ASN,sidechain,SYSTEM,28,LYS,sidechain,0.013989065585025844
SYSTEM,87,ASN,sidechain,SYSTEM,29,VAL,sidechain,1.4598359533089598
SYSTEM,87,ASN,sidechain,SYSTEM,30,PRO,sidechain,0.34752986537996905
SYSTEM,87,ASN,sidechain,SYSTEM,31,LYS,sidechain,0.06683664668401236
SYSTEM,87,ASN,sidechain,SYSTEM,32,THR,sidechain,0.10073425386455157
SYSTEM,87,ASN,sidechain,SYSTEM,83,PHE,sidechain,0.6685751076056996
SYSTEM,87,ASN,sidechain,SYSTEM,84,GLU,sidechain,0.8004217231372127
SYSTEM,87,ASN,sidechain,SYSTEM,85,ASP,sidechain,0.029918805226253082
SYSTEM,87,ASN,sidechain,SYSTEM,89,ILE,sidechain,1.1327494805291691
SYSTEM,87,ASN,sidechain,SYSTEM,90,LEU,sidechain,0.05950059901458928
SYSTEM,87,ASN,sidechain,SYSTEM,127,VAL,sidechain,0.16256890818626193
SYSTEM,88,PHE,sidechain,SYSTEM,83,PHE,sidechain,0.2738832766633109
SYSTEM,88,PHE,sidechain,SYSTEM,85,ASP,sidechain,1.27911061652274
SYSTEM,88,PHE,sidechain,SYSTEM,86,GLU,sidechain,0.07643761692502629
SYSTEM,88,PHE,sidechain,SYSTEM,102,ASN,sidechain,0.04161812918830662
SYSTEM,88,PHE,sidechain,SYSTEM,105,PRO,sidechain,0.016054904340637832
SYSTEM,88,PHE,sidechain,SYSTEM,107,THR,sidechain,0.004323381481989325
SYSTEM,88,PHE,sidechain,SYSTEM,127,VAL,sidechain,3.6515180118120774
SYSTEM,89,ILE,sidechain,SYSTEM,28,LYS,sidechain,1.279583738934559
SYSTEM,89,ILE,sidechain,SYSTEM,29,VAL,sidechain,0.025603001840522183
SYSTEM,89,ILE,sidechain,SYSTEM,87,ASN,sidechain,1.1327494805291691
SYSTEM,90,LEU,sidechain,SYSTEM,25,PHE,sidechain,5.195073087868681
SYSTEM,90,LEU,sidechain,SYSTEM,28,LYS,sidechain,2.7386738486260507
SYSTEM,90,LEU,sidechain,SYSTEM,29,VAL,sidechain,0.05793260112606587
SYSTEM,90,LEU,sidechain,SYSTEM,87,ASN,sidechain,0.05950059901458928
SYSTEM,90,LEU,sidechain,SYSTEM,128,VAL,sidechain,2.1997836256154835
SYSTEM,91,LYS,sidechain,SYSTEM,93,THR,sidechain,0.5088941745031381
SYSTEM,91,LYS,sidechain,SYSTEM,120,GLU,sidechain,0.026999328867819593
SYSTEM,91,LYS,sidechain,SYSTEM,123,ASP,sidechain,12.48187347670448
SYSTEM,92,HIS,sidechain,SYSTEM,97,ILE,sidechain,1.5349367747233051
SYSTEM,92,HIS,sidechain,SYSTEM,99,SER,sidechain,7.412034920169172
SYSTEM,92,HIS,sidechain,SYSTEM,113,PHE,sidechain,0.7931797469683102
SYSTEM,92,HIS,sidechain,SYSTEM,115,CYS,sidechain,0.09664052078987381
SYSTEM,92,HIS,sidechain,SYSTEM,119,THR,sidechain,6.932436657798424
SYSTEM,92,HIS,sidechain,SYSTEM,122,LEU,sidechain,7.156750117661731
SYSTEM,92,HIS,sidechain,SYSTEM,123,ASP,sidechain,9.946153569362135
SYSTEM,92,HIS,sidechain,SYSTEM,126,HIS,sidechain,0.16719272663869772
SYSTEM,92,HIS,sidechain,SYSTEM,128,VAL,sidechain,7.124915546405577
SYSTEM,93,THR,sidechain,SYSTEM,91,LYS,sidechain,0.5088941745031381
SYSTEM,93,THR,sidechain,SYSTEM,97,ILE,sidechain,0.116528433750592
SYSTEM,93,THR,sidechain,SYSTEM,118,LYS,sidechain,0.005005516470522671
SYSTEM,93,THR,sidechain,SYSTEM,120,GLU,sidechain,0.0047037150686739726
SYSTEM,93,THR,sidechain,SYSTEM,131,LYS,sidechain,0.02169057137226491
SYSTEM,95,PRO,sidechain,SYSTEM,118,LYS,sidechain,0.016729215221941478
SYSTEM,95,PRO,sidechain,SYSTEM,136,MET,sidechain,0.4919715974974651
SYSTEM,95,PRO,sidechain,SYSTEM,140,GLU,sidechain,0.0034934551016501665
SYSTEM,97,ILE,sidechain,SYSTEM,92,HIS,sidechain,1.5349367747233051
SYSTEM,97,ILE,sidechain,SYSTEM,93,THR,sidechain,0.116528433750592
SYSTEM,97,ILE,sidechain,SYSTEM,115,CYS,sidechain,2.6620993763557914
SYSTEM,97,ILE,sidechain,SYSTEM,128,VAL,sidechain,4.42419871804227
SYSTEM,97,ILE,sidechain,SYSTEM,131,LYS,sidechain,1.0921699589895983
SYSTEM,98,LEU,sidechain,SYSTEM,22,PHE,sidechain,8.702660856494788
SYSTEM,98,LEU,sidechain,SYSTEM,36,PHE,sidechain,6.7918915936475415
SYSTEM,98,LEU,sidechain,SYSTEM,112,PHE,sidechain,3.1151493222906237
SYSTEM,98,LEU,sidechain,SYSTEM,114,ILE,sidechain,0.22994399218727432
SYSTEM,98,LEU,sidechain,SYSTEM,129,PHE,sidechain,8.862342707072674
SYSTEM,99,SER,sidechain,SYSTEM,92,HIS,sidechain,7.412034920169172
SYSTEM,99,SER,sidechain,SYSTEM,113,PHE,sidechain,5.738497121312692
SYSTEM,99,SER,sidechain,SYSTEM,115,CYS,sidechain,0.030606768114120268
SYSTEM,99,SER,sidechain,SYSTEM,122,LEU,sidechain,0.005004833375221263
SYSTEM,99,SER,sidechain,SYSTEM,126,HIS,sidechain,0.6012689836976138
SYSTEM,99,SER,sidechain,SYSTEM,128,VAL,sidechain,3.305732598451675
SYSTEM,100,MET,sidechain,SYSTEM,32,THR,sidechain,3.7385932063846603
SYSTEM,100,MET,sidechain,SYSTEM,35,ASN,sidechain,0.19634497316820954
SYSTEM,100,MET,sidechain,SYSTEM,36,PHE,sidechain,0.04146553903179077
SYSTEM,100,MET,sidechain,SYSTEM,83,PHE,sidechain,0.8099601957543128
SYSTEM,100,MET,sidechain,SYSTEM,102,ASN,sidechain,0.3116586875685867
SYSTEM,100,MET,sidechain,SYSTEM,103,ALA,sidechain,0.03397326352233985
SYSTEM,100,MET,sidechain,SYSTEM,107,THR,sidechain,0.005018245914610318
SYSTEM,100,MET,sidechain,SYSTEM,108,ASN,sidechain,1.7343805963191863
SYSTEM,100,MET,sidechain,SYSTEM,127,VAL,sidechain,0.1453938196825691
SYSTEM,100,MET,sidechain,SYSTEM,129,PHE,sidechain,4.490717877142954
SYSTEM,101,ALA,sidechain,SYSTEM,63,GLN,sidechain,1.319842362426662
SYSTEM,101,ALA,sidechain,SYSTEM,111,GLN,sidechain,0.06902236844323106
SYSTEM,101,ALA,sidechain,SYSTEM,113,PHE,sidechain,2.7882637984734817
SYSTEM,101,ALA,sidechain,SYSTEM,126,HIS,sidechain,0.12196104217032473
SYSTEM,102,ASN,sidechain,SYSTEM,83,PHE,sidechain,0.018795284149557827
SYSTEM,102,ASN,sidechain,SYSTEM,85,ASP,sidechain,0.5146034498915524
SYSTEM,102,ASN,sidechain,SYSTEM,88,PHE,sidechain,0.04161812918830662
SYSTEM,102,ASN,sidechain,SYSTEM,100,MET,sidechain,0.3116586875685867
SYSTEM,102,ASN,sidechain,SYSTEM,107,THR,sidechain,1.080456109998819
SYSTEM,102,ASN,sidechain,SYSTEM,108,ASN,sidechain,2.0236502200057345
SYSTEM,102,ASN,sidechain,SYSTEM,110,SER,sidechain,0.057927358254499565
SYSTEM,102,ASN,sidechain,SYSTEM,111,GLN,sidechain,1.5815769856046789
SYSTEM,102,ASN,sidechain,SYSTEM,125,LYS,sidechain,0.41034592382742485
SYSTEM,102,ASN,sidechain,SYSTEM,126,HIS,sidechain,5.675811436199753
SYSTEM,102,ASN,sidechain,SYSTEM,127,VAL,sidechain,0.2085479933298511
SYSTEM,103,ALA,sidechain,SYSTEM,82,LYS,sidechain,0.13019775089252014
SYSTEM,103,ALA,sidechain,SYSTEM,83,PHE,sidechain,0.09088815696681489
SYSTEM,103,ALA,sidechain,SYSTEM,100,MET,sidechain,0.03397326352233985
SYSTEM,103,ALA,sidechain,SYSTEM,107,THR,sidechain,0.6730186691579578
SYSTEM,103,ALA,sidechain,SYSTEM,108,ASN,sidechain,0.0034735092684490742
SYSTEM,103,ALA,sidechain,SYSTEM,111,GLN,sidechain,1.4376854305004751
SYSTEM,103,ALA,sidechain,SYSTEM,125,LYS,sidechain,0.04993886335603512
SYSTEM,103,ALA,sidechain,SYSTEM,126,HIS,sidechain,0.5512639106098677
SYSTEM,103,ALA,sidechain,SYSTEM,127,VAL,sidechain,0.03014787473945681
SYSTEM,105,PRO,sidechain,SYSTEM,82,LYS,sidechain,0.10966929978828299
SYSTEM,105,PRO,sidechain,SYSTEM,83,PHE,sidechain,0.009632942604382699
SYSTEM,105,PRO,sidechain,SYSTEM,84,GLU,sidechain,0.0052401826524752495
SYSTEM,105,PRO,sidechain,SYSTEM,85,ASP,sidechain,0.04472404972040263
SYSTEM,105,PRO,sidechain,SYSTEM,88,PHE,sidechain,0.016054904340637832
SYSTEM,105,PRO,sidechain,SYSTEM,125,LYS,sidechain,0.0037176033826536617
SYSTEM,106,ASN,sidechain,SYSTEM,81,GLU,sidechain,0.043818707471015295
SYSTEM,106,ASN,sidechain,SYSTEM,82,LYS,sidechain,0.3062051022500102
SYSTEM,106,ASN,sidechain,SYSTEM,84,GLU,sidechain,0.446950816204356
SYSTEM,106,ASN,sidechain,SYSTEM,85,ASP,sidechain,0.6148314473995001
SYSTEM,106,ASN,sidechain,SYSTEM,108,ASN,sidechain,0.004540725998516999
SYSTEM,106,ASN,sidechain,SYSTEM,125,LYS,sidechain,0.007771703102792136
SYSTEM,107,THR,sidechain,SYSTEM,76,LYS,sidechain,0.006674021960696894
SYSTEM,107,THR,sidechain,SYSTEM,77,SER,sidechain,0.17766305348032868
SYSTEM,107,THR,sidechain,SYSTEM,82,LYS,sidechain,1.0778545466525504
SYSTEM,107,THR,sidechain,SYSTEM,83,PHE,sidechain,0.37325193461174494
SYSTEM,107,THR,sidechain,SYSTEM,88,PHE,sidechain,0.004323381481989325
SYSTEM,107,THR,sidechain,SYSTEM,100,MET,sidechain,0.005018245914610318
SYSTEM,107,THR,sidechain,SYSTEM,102,ASN,sidechain,1.080456109998819
SYSTEM,107,THR,sidechain,SYSTEM,103,ALA,sidechain,0.6730186691579578
SYSTEM,108,ASN,sidechain,SYSTEM,32,THR,sidechain,0.004874238090220237
SYSTEM,108,ASN,sidechain,SYSTEM,35,ASN,sidechain,0.004540725998516999
SYSTEM,108,ASN,sidechain,SYSTEM,76,LYS,sidechain,0.038858515513960676
SYSTEM,108,ASN,sidechain,SYSTEM,77,SER,sidechain,0.9152522604210923
SYSTEM,108,ASN,sidechain,SYSTEM,79,TYR,sidechain,0.6292946282367858
SYSTEM,108,ASN,sidechain,SYSTEM,81,GLU,sidechain,0.014606235823671763
SYSTEM,108,ASN,sidechain,SYSTEM,82,LYS,sidechain,0.8890828349594215
SYSTEM,108,ASN,sidechain,SYSTEM,83,PHE,sidechain,3.270379442023061
SYSTEM,108,ASN,sidechain,SYSTEM,85,ASP,sidechain,2.8198473925743603
SYSTEM,108,ASN,sidechain,SYSTEM,100,MET,sidechain,1.7343805963191863
SYSTEM,108,ASN,sidechain,SYSTEM,102,ASN,sidechain,2.0236502200057345
SYSTEM,108,ASN,sidechain,SYSTEM,103,ALA,sidechain,0.0034735092684490742
SYSTEM,108,ASN,sidechain,SYSTEM,106,ASN,sidechain,0.004540725998516999
SYSTEM,110,SER,sidechain,SYSTEM,35,ASN,sidechain,0.25488037631979793
SYSTEM,110,SER,sidechain,SYSTEM,39,LEU,sidechain,0.04504350037699137
SYSTEM,110,SER,sidechain,SYSTEM,48,TYR,sidechain,2.7694451758250422
SYSTEM,110,SER,sidechain,SYSTEM,67,PHE,sidechain,3.799240355578729
SYSTEM,110,SER,sidechain,SYSTEM,77,SER,sidechain,0.3673866358858202
SYSTEM,110,SER,sidechain,SYSTEM,102,ASN,sidechain,0.057927358254499565
SYSTEM,111,GLN,sidechain,SYSTEM,54,HIS,sidechain,0.4753013760866834
SYSTEM,111,GLN,sidechain,SYSTEM,63,GLN,sidechain,2.8158161835195545
SYSTEM,111,GLN,sidechain,SYSTEM,66,ASP,sidechain,1.79080683361355
SYSTEM,111,GLN,sidechain,SYSTEM,101,ALA,sidechain,0.06902236844323106
SYSTEM,111,GLN,sidechain,SYSTEM,102,ASN,sidechain,1.5815769856046789
SYSTEM,111,GLN,sidechain,SYSTEM,103,ALA,sidechain,1.4376854305004751
SYSTEM,111,GLN,sidechain,SYSTEM,113,PHE,sidechain,0.016917327116870003
SYSTEM,112,PHE,sidechain,SYSTEM,8,PHE,sidechain,4.360698083221912
SYSTEM,112,PHE,sidechain,SYSTEM,36,PHE,sidechain,7.175741848578777
SYSTEM,112,PHE,sidechain,SYSTEM,48,TYR,sidechain,8.73710996884263
SYSTEM,112,PHE,sidechain,SYSTEM,53,PHE,sidechain,2.5149629578822124
SYSTEM,112,PHE,sidechain,SYSTEM,98,LEU,sidechain,3.1151493222906237
SYSTEM,112,PHE,sidechain,SYSTEM,114,ILE,sidechain,2.415545720058901
SYSTEM,112,PHE,sidechain,SYSTEM,129,PHE,sidechain,0.016671155970810238
SYSTEM,113,PHE,sidechain,SYSTEM,55,ARG,sidechain,0.003563220147270078
SYSTEM,113,PHE,sidechain,SYSTEM,60,PHE,sidechain,0.004763187420231496
SYSTEM,113,PHE,sidechain,SYSTEM,61,MET,sidechain,10.628999838482342
SYSTEM,113,PHE,sidechain,SYSTEM,63,GLN,sidechain,6.12667508201723
SYSTEM,113,PHE,sidechain,SYSTEM,92,HIS,sidechain,0.7931797469683102
SYSTEM,113,PHE,sidechain,SYSTEM,99,SER,sidechain,5.738497121312692
SYSTEM,113,PHE,sidechain,SYSTEM,101,ALA,sidechain,2.7882637984734817
SYSTEM,113,PHE,sidechain,SYSTEM,111,GLN,sidechain,0.016917327116870003
SYSTEM,113,PHE,sidechain,SYSTEM,115,CYS,sidechain,0.5384335915643903
SYSTEM,113,PHE,sidechain,SYSTEM,119,THR,sidechain,0.00864676296397865
SYSTEM,113,PHE,sidechain,SYSTEM,122,LEU,sidechain,0.6184288619838448
SYSTEM,113,PHE,sidechain,SYSTEM,126,HIS,sidechain,8.24228145938382
SYSTEM,114,ILE,sidechain,SYSTEM,22,PHE,sidechain,3.625411773953245
SYSTEM,114,ILE,sidechain,SYSTEM,53,PHE,sidechain,0.5065529152983126
SYSTEM,114,ILE,sidechain,SYSTEM,62,CYS,sidechain,1.0364731178434419
SYSTEM,114,ILE,sidechain,SYSTEM,98,LEU,sidechain,0.22994399218727432
SYSTEM,114,ILE,sidechain,SYSTEM,112,PHE,sidechain,2.415545720058901
SYSTEM,114,ILE,sidechain,SYSTEM,132,VAL,sidechain,0.005120600368104436
SYSTEM,114,ILE,sidechain,SYSTEM,139,VAL,sidechain,1.3979239004925106
SYSTEM,114,ILE,sidechain,SYSTEM,142,MET,sidechain,0.021056681498056236
SYSTEM,115,CYS,sidechain,SYSTEM,61,MET,sidechain,0.14048360917697097
SYSTEM,115,CYS,sidechain,SYSTEM,92,HIS,sidechain,0.09664052078987381
SYSTEM,115,CYS,sidechain,SYSTEM,97,ILE,sidechain,2.6620993763557914
SYSTEM,115,CYS,sidechain,SYSTEM,99,SER,sidechain,0.030606768114120268
SYSTEM,115,CYS,sidechain,SYSTEM,113,PHE,sidechain,0.5384335915643903
SYSTEM,115,CYS,sidechain,SYSTEM,119,THR,sidechain,6.538770023521066
SYSTEM,116,THR,sidechain,SYSTEM,62,CYS,sidechain,0.088260250173892
SYSTEM,116,THR,sidechain,SYSTEM,139,VAL,sidechain,0.07755975241999155
SYSTEM,116,THR,sidechain,SYSTEM,143,GLU,sidechain,13.139044091829238
SYSTEM,117,ALA,sidechain,SYSTEM,60,PHE,sidechain,0.0061619089469027045
SYSTEM,118,LYS,sidechain,SYSTEM,93,THR,sidechain,0.005005516470522671
SYSTEM,118,LYS,sidechain,SYSTEM,95,PRO,sidechain,0.016729215221941478
SYSTEM,118,LYS,sidechain,SYSTEM,120,GLU,sidechain,8.737282814169403
SYSTEM,119,THR,sidechain,SYSTEM,60,PHE,sidechain,1.81726134959618
SYSTEM,119,THR,sidechain,SYSTEM,61,MET,sidechain,0.016727486382034393
SYSTEM,119,THR,sidechain,SYSTEM,92,HIS,sidechain,6.932436657798424
SYSTEM,119,THR,sidechain,SYSTEM,113,PHE,sidechain,0.00864676296397865
SYSTEM,119,THR,sidechain,SYSTEM,115,CYS,sidechain,6.538770023521066
SYSTEM,119,THR,sidechain,SYSTEM,121,TRP,sidechain,5.394602933752724
SYSTEM,119,THR,sidechain,SYSTEM,122,LEU,sidechain,6.788326288484394
SYSTEM,120,GLU,sidechain,SYSTEM,91,LYS,sidechain,0.026999328867819593
SYSTEM,120,GLU,sidechain,SYSTEM,93,THR,sidechain,0.0047037150686739726
SYSTEM,120,GLU,sidechain,SYSTEM,118,LYS,sidechain,8.737282814169403
SYSTEM,120,GLU,sidechain,SYSTEM,123,ASP,sidechain,0.04763898037356596
SYSTEM,121,TRP,sidechain,SYSTEM,60,PHE,sidechain,6.2046941356773315
SYSTEM,121,TRP,sidechain,SYSTEM,61,MET,sidechain,0.003877563388476366
SYSTEM,121,TRP,sidechain,SYSTEM,119,THR,sidechain,5.394602933752724
SYSTEM,121,TRP,sidechain,SYSTEM,125,LYS,sidechain,0.5053830516889127
SYSTEM,122,LEU,sidechain,SYSTEM,60,PHE,sidechain,0.8796034142002175
SYSTEM,122,LEU,sidechain,SYSTEM,61,MET,sidechain,0.018848777050347047
SYSTEM,122,LEU,sidechain,SYSTEM,92,HIS,sidechain,7.156750117661731
SYSTEM,122,LEU,sidechain,SYSTEM,99,SER,sidechain,0.005004833375221263
SYSTEM,122,LEU,sidechain,SYSTEM,113,PHE,sidechain,0.6184288619838448
SYSTEM,122,LEU,sidechain,SYSTEM,119,THR,sidechain,6.788326288484394
SYSTEM,122,LEU,sidechain,SYSTEM,125,LYS,sidechain,0.09557157023237377
SYSTEM,122,LEU,sidechain,SYSTEM,126,HIS,sidechain,6.785341927922787
SYSTEM,123,ASP,sidechain,SYSTEM,91,LYS,sidechain,12.48187347670448
SYSTEM,123,ASP,sidechain,SYSTEM,92,HIS,sidechain,9.946153569362135
SYSTEM,123,ASP,sidechain,SYSTEM,120,GLU,sidechain,0.04763898037356596
SYSTEM,125,LYS,sidechain,SYSTEM,85,ASP,sidechain,0.006144922326992971
SYSTEM,125,LYS,sidechain,SYSTEM,102,ASN,sidechain,0.41034592382742485
SYSTEM,125,LYS,sidechain,SYSTEM,103,ALA,sidechain,0.04993886335603512
SYSTEM,125,LYS,sidechain,SYSTEM,105,PRO,sidechain,0.0037176033826536617
SYSTEM,125,LYS,sidechain,SYSTEM,106,ASN,sidechain,0.007771703102792136
SYSTEM,125,LYS,sidechain,SYSTEM,121,TRP,sidechain,0.5053830516889127
SYSTEM,125,LYS,sidechain,SYSTEM,122,LEU,sidechain,0.09557157023237377
SYSTEM,126,HIS,sidechain,SYSTEM,61,MET,sidechain,0.01896767026066933
SYSTEM,126,HIS,sidechain,SYSTEM,92,HIS,sidechain,0.16719272663869772
SYSTEM,126,HIS,sidechain,SYSTEM,99,SER,sidechain,0.6012689836976138
SYSTEM,126,HIS,sidechain,SYSTEM,101,ALA,sidechain,0.12196104217032473
SYSTEM,126,HIS,sidechain,SYSTEM,102,ASN,sidechain,5.675811436199753
SYSTEM,126,HIS,sidechain,SYSTEM,103,ALA,sidechain,0.5512639106098677
SYSTEM,126,HIS,sidechain,SYSTEM,113,PHE,sidechain,8.24228145938382
SYSTEM,126,HIS,sidechain,SYSTEM,122,LEU,sidechain,6.785341927922787
SYSTEM,127,VAL,sidechain,SYSTEM,29,VAL,sidechain,1.0742809132349767
SYSTEM,127,VAL,sidechain,SYSTEM,32,THR,sidechain,1.799738800472989
SYSTEM,127,VAL,sidechain,SYSTEM,83,PHE,sidechain,0.9642221475147955
SYSTEM,127,VAL,sidechain,SYSTEM,85,ASP,sidechain,0.9900162861052213
SYSTEM,127,VAL,sidechain,SYSTEM,86,GLU,sidechain,0.23928391661442616
SYSTEM,127,VAL,sidechain,SYSTEM,87,ASN,sidechain,0.16256890818626193
SYSTEM,127,VAL,sidechain,SYSTEM,88,PHE,sidechain,3.6515180118120774
SYSTEM,127,VAL,sidechain,SYSTEM,100,MET,sidechain,0.1453938196825691
SYSTEM,127,VAL,sidechain,SYSTEM,102,ASN,sidechain,0.2085479933298511
SYSTEM,127,VAL,sidechain,SYSTEM,103,ALA,sidechain,0.03014787473945681
SYSTEM,128,VAL,sidechain,SYSTEM,90,LEU,sidechain,2.1997836256154835
SYSTEM,128,VAL,sidechain,SYSTEM,92,HIS,sidechain,7.124915546405577
SYSTEM,128,VAL,sidechain,SYSTEM,97,ILE,sidechain,4.42419871804227
SYSTEM,128,VAL,sidechain,SYSTEM,99,SER,sidechain,3.305732598451675
SYSTEM,129,PHE,sidechain,SYSTEM,24,LEU,sidechain,0.36131401783301176
SYSTEM,129,PHE,sidechain,SYSTEM,29,VAL,sidechain,1.3968112378650959
SYSTEM,129,PHE,sidechain,SYSTEM,32,THR,sidechain,8.858608656596104
SYSTEM,129,PHE,sidechain,SYSTEM,33,ALA,sidechain,0.03851193091814191
SYSTEM,129,PHE,sidechain,SYSTEM,36,PHE,sidechain,9.659744088229505
SYSTEM,129,PHE,sidechain,SYSTEM,98,LEU,sidechain,8.862342707072674
SYSTEM,129,PHE,sidechain,SYSTEM,100,MET,sidechain,4.490717877142954
SYSTEM,129,PHE,sidechain,SYSTEM,112,PHE,sidechain,0.016671155970810238
SYSTEM,131,LYS,sidechain,SYSTEM,23,GLU,sidechain,4.52088762264491
SYSTEM,131,LYS,sidechain,SYSTEM,25,PHE,sidechain,3.3102071754211724
SYSTEM,131,LYS,sidechain,SYSTEM,93,THR,sidechain,0.02169057137226491
SYSTEM,131,LYS,sidechain,SYSTEM,97,ILE,sidechain,1.0921699589895983
SYSTEM,131,LYS,sidechain,SYSTEM,133,LYS,sidechain,0.022346853818374986
SYSTEM,132,VAL,sidechain,SYSTEM,20,VAL,sidechain,2.7168795898563056
SYSTEM,132,VAL,sidechain,SYSTEM,22,PHE,sidechain,2.1381844600479183
SYSTEM,132,VAL,sidechain,SYSTEM,114,ILE,sidechain,0.005120600368104436
SYSTEM,132,VAL,sidechain,SYSTEM,136,MET,sidechain,3.5317173176382433
SYSTEM,132,VAL,sidechain,SYSTEM,139,VAL,sidechain,0.5843518068674535
SYSTEM,133,LYS,sidechain,SYSTEM,2,VAL,sidechain,0.005059011943269705
SYSTEM,133,LYS,sidechain,SYSTEM,5,THR,sidechain,4.746898119545678
SYSTEM,133,LYS,sidechain,SYSTEM,21,SER,sidechain,1.004489300790013
SYSTEM,133,LYS,sidechain,SYSTEM,23,GLU,sidechain,11.839205708538918
SYSTEM,133,LYS,sidechain,SYSTEM,131,LYS,sidechain,0.022346853818374986
SYSTEM,134,GLU,sidechain,SYSTEM,19,ARG,sidechain,0.0038766813360187175
SYSTEM,134,GLU,sidechain,SYSTEM,21,SER,sidechain,0.7059471920218544
SYSTEM,136,MET,sidechain,SYSTEM,95,PRO,sidechain,0.4919715974974651
SYSTEM,136,MET,sidechain,SYSTEM,132,VAL,sidechain,3.5317173176382433
SYSTEM,136,MET,sidechain,SYSTEM,139,VAL,sidechain,3.1039889876418383
SYSTEM,136,MET,sidechain,SYSTEM,140,GLU,sidechain,0.1759419376220842
SYSTEM,137,ASN,sidechain,SYSTEM,140,GLU,sidechain,1.2386087978473668
SYSTEM,137,ASN,sidechain,SYSTEM,144,ARG,sidechain,0.006695370062383214
SYSTEM,138,ILE,sidechain,SYSTEM,10,ILE,sidechain,0.528203447614973
SYSTEM,138,ILE,sidechain,SYSTEM,17,LEU,sidechain,1.3558766435870322
SYSTEM,138,ILE,sidechain,SYSTEM,20,VAL,sidechain,1.1299458145617076
SYSTEM,138,ILE,sidechain,SYSTEM,141,ALA,sidechain,0.007220974173025044
SYSTEM,139,VAL,sidechain,SYSTEM,20,VAL,sidechain,2.743602995658174
SYSTEM,139,VAL,sidechain,SYSTEM,62,CYS,sidechain,0.11767272090940681
SYSTEM,139,VAL,sidechain,SYSTEM,114,ILE,sidechain,1.3979239004925106
SYSTEM,139,VAL,sidechain,SYSTEM,116,THR,sidechain,0.07755975241999155
SYSTEM,139,VAL,sidechain,SYSTEM,132,VAL,sidechain,0.5843518068674535
SYSTEM,139,VAL,sidechain,SYSTEM,136,MET,sidechain,3.1039889876418383
SYSTEM,139,VAL,sidechain,SYSTEM,142,MET,sidechain,0.6170784207457864
SYSTEM,140,GLU,sidechain,SYSTEM,95,PRO,sidechain,0.0034934551016501665
SYSTEM,140,GLU,sidechain,SYSTEM,136,MET,sidechain,0.1759419376220842
SYSTEM,140,GLU,sidechain,SYSTEM,137,ASN,sidechain,1.2386087978473668
SYSTEM,140,GLU,sidechain,SYSTEM,143,GLU,sidechain,0.049333351375244694
SYSTEM,140,GLU,sidechain,SYSTEM,144,ARG,sidechain,1.8750215395210517
SYSTEM,141,ALA,sidechain,SYSTEM,17,LEU,sidechain,1.8871651889717895
SYSTEM,141,ALA,sidechain,SYSTEM,138,ILE,sidechain,0.007220974173025044
SYSTEM,141,ALA,sidechain,SYSTEM,144,ARG,sidechain,1.0233241796578403
SYSTEM,141,ALA,sidechain,SYSTEM,145,PHE,sidechain,0.024647635787610818
SYSTEM,142,MET,sidechain,SYSTEM,10,ILE,sidechain,2.936597196613515
SYSTEM,142,MET,sidechain,SYSTEM,17,LEU,sidechain,0.014136582787760284
SYSTEM,142,MET,sidechain,SYSTEM,53,PHE,sidechain,6.825227724632755
SYSTEM,142,MET,sidechain,SYSTEM,56,ILE,sidechain,0.24134196486233697
SYSTEM,142,MET,sidechain,SYSTEM,62,CYS,sidechain,4.571120513989151
SYSTEM,142,MET,sidechain,SYSTEM,114,ILE,sidechain,0.021056681498056236
SYSTEM,142,MET,sidechain,SYSTEM,139,VAL,sidechain,0.6170784207457864
SYSTEM,142,MET,sidechain,SYSTEM,156,ILE,sidechain,2.753566042053499
SYSTEM,143,GLU,sidechain,SYSTEM,58,PRO,sidechain,4.303936685233035
SYSTEM,143,GLU,sidechain,SYSTEM,116,THR,sidechain,13.139044091829238
SYSTEM,143,GLU,sidechain,SYSTEM,140,GLU,sidechain,0.049333351375244694
SYSTEM,144,ARG,sidechain,SYSTEM,15,GLU,sidechain,0.01550672534407487
SYSTEM,144,ARG,sidechain,SYSTEM,17,LEU,sidechain,0.004049286691154942
SYSTEM,144,ARG,sidechain,SYSTEM,137,ASN,sidechain,0.006695370062383214
SYSTEM,144,ARG,sidechain,SYSTEM,140,GLU,sidechain,1.8750215395210517
SYSTEM,144,ARG,sidechain,SYSTEM,141,ALA,sidechain,1.0233241796578403
SYSTEM,145,PHE,sidechain,SYSTEM,12,VAL,sidechain,5.445961645857744
SYSTEM,145,PHE,sidechain,SYSTEM,17,LEU,sidechain,0.8999019545279153
SYSTEM,145,PHE,sidechain,SYSTEM,141,ALA,sidechain,0.024647635787610818
SYSTEM,145,PHE,sidechain,SYSTEM,153,SER,sidechain,0.8250282379579785
SYSTEM,145,PHE,sidechain,SYSTEM,154,LYS,sidechain,5.562967910380865
SYSTEM,145,PHE,sidechain,SYSTEM,156,ILE,sidechain,3.1160679335017614
SYSTEM,147,SER,sidechain,SYSTEM,55,ARG,sidechain,0.007321266631499527
SYSTEM,147,SER,sidechain,SYSTEM,149,ASN,sidechain,2.52397775251749
SYSTEM,147,SER,sidechain,SYSTEM,151,LYS,sidechain,0.07478431342599083
SYSTEM,147,SER,sidechain,SYSTEM,152,THR,sidechain,0.12791739850583664
SYSTEM,147,SER,sidechain,SYSTEM,153,SER,sidechain,0.05067401874287171
SYSTEM,148,ARG,sidechain,SYSTEM,55,ARG,sidechain,0.003554073270063721
SYSTEM,148,ARG,sidechain,SYSTEM,57,ILE,sidechain,0.5372658299503522
SYSTEM,148,ARG,sidechain,SYSTEM,58,PRO,sidechain,1.7599046398863027
SYSTEM,148,ARG,sidechain,SYSTEM,60,PHE,sidechain,0.17459778721623384
SYSTEM,149,ASN,sidechain,SYSTEM,55,ARG,sidechain,0.004017222037429928
SYSTEM,149,ASN,sidechain,SYSTEM,147,SER,sidechain,2.52397775251749
SYSTEM,149,ASN,sidechain,SYSTEM,151,LYS,sidechain,1.9149476445279812
SYSTEM,151,LYS,sidechain,SYSTEM,54,HIS,sidechain,0.039294462997084466
SYSTEM,151,LYS,sidechain,SYSTEM,55,ARG,sidechain,0.13613880429369588
SYSTEM,151,LYS,sidechain,SYSTEM,71,ASN,sidechain,0.13522763398858317
SYSTEM,151,LYS,sidechain,SYSTEM,147,SER,sidechain,0.07478431342599083
SYSTEM,151,LYS,sidechain,SYSTEM,149,ASN,sidechain,1.9149476445279812
SYSTEM,151,LYS,sidechain,SYSTEM,153,SER,sidechain,0.2328511577127441
SYSTEM,152,THR,sidechain,SYSTEM,56,ILE,sidechain,4.269331601760824
SYSTEM,152,THR,sidechain,SYSTEM,147,SER,sidechain,0.12791739850583664
SYSTEM,152,THR,sidechain,SYSTEM,154,LYS,sidechain,0.005005516470522671
SYSTEM,152,THR,sidechain,SYSTEM,155,LYS,sidechain,0.03170160431331025
SYSTEM,152,THR,sidechain,SYSTEM,156,ILE,sidechain,0.23812332114251408
SYSTEM,153,SER,sidechain,SYSTEM,145,PHE,sidechain,0.8250282379579785
SYSTEM,153,SER,sidechain,SYSTEM,147,SER,sidechain,0.05067401874287171
SYSTEM,153,SER,sidechain,SYSTEM,151,LYS,sidechain,0.2328511577127441
SYSTEM,154,LYS,sidechain,SYSTEM,12,VAL,sidechain,1.5008402098366789
SYSTEM,154,LYS,sidechain,SYSTEM,13,ASP,sidechain,7.017501297425987
SYSTEM,154,LYS,sidechain,SYSTEM,15,GLU,sidechain,0.008999776289273198
SYSTEM,154,LYS,sidechain,SYSTEM,145,PHE,sidechain,5.562967910380865
SYSTEM,154,LYS,sidechain,SYSTEM,152,THR,sidechain,0.005005516470522671
SYSTEM,154,LYS,sidechain,SYSTEM,156,ILE,sidechain,0.04846908102024838
SYSTEM,155,LYS,sidechain,SYSTEM,13,ASP,sidechain,2.974142406264598
SYSTEM,155,LYS,sidechain,SYSTEM,52,CYS,sidechain,2.085740279691957
SYSTEM,155,LYS,sidechain,SYSTEM,54,HIS,sidechain,0.004366051444120497
SYSTEM,155,LYS,sidechain,SYSTEM,70,HIS,sidechain,0.04802656588532546
SYSTEM,155,LYS,sidechain,SYSTEM,152,THR,sidechain,0.03170160431331025
SYSTEM,155,LYS,sidechain,SYSTEM,157,THR,sidechain,0.7057778223436975
SYSTEM,156,ILE,sidechain,SYSTEM,10,ILE,sidechain,0.004905914374132879
SYSTEM,156,ILE,sidechain,SYSTEM,12,VAL,sidechain,3.342045173582847
SYSTEM,156,ILE,sidechain,SYSTEM,17,LEU,sidechain,0.004757461907322917
SYSTEM,156,ILE,sidechain,SYSTEM,53,PHE,sidechain,2.5760239163655347
SYSTEM,156,ILE,sidechain,SYSTEM,56,ILE,sidechain,0.20114248933944823
SYSTEM,156,ILE,sidechain,SYSTEM,142,MET,sidechain,2.753566042053499
SYSTEM,156,ILE,sidechain,SYSTEM,145,PHE,sidechain,3.1160679335017614
SYSTEM,156,ILE,sidechain,SYSTEM,152,THR,sidechain,0.23812332114251408
SYSTEM,156,ILE,sidechain,SYSTEM,154,LYS,sidechain,0.04846908102024838
SYSTEM,157,THR,sidechain,SYSTEM,11,ALA,sidechain,0.011185905858581037
SYSTEM,157,THR,sidechain,SYSTEM,13,ASP,sidechain,0.004817447036948879
SYSTEM,157,THR,sidechain,SYSTEM,52,CYS,sidechain,3.1642238626172
SYSTEM,157,THR,sidechain,SYSTEM,155,LYS,sidechain,0.7057778223436975
SYSTEM,158,ILE,sidechain,SYSTEM,8,PHE,sidechain,11.95632335613218
SYSTEM,158,ILE,sidechain,SYSTEM,10,ILE,sidechain,0.19460127017393766
SYSTEM,158,ILE,sidechain,SYSTEM,48,TYR,sidechain,0.0765591764322028
SYSTEM,158,ILE,sidechain,SYSTEM,51,SER,sidechain,1.021878961059714
SYSTEM,158,ILE,sidechain,SYSTEM,53,PHE,sidechain,3.522147543286364
SYSTEM,158,ILE,sidechain,SYSTEM,161,CYS,sidechain,2.125679078524507
SYSTEM,159,ALA,sidechain,SYSTEM,9,ASP,sidechain,0.015448673168028957
SYSTEM,160,ASP,sidechain,SYSTEM,7,PHE,sidechain,0.25210686425240714
SYSTEM,160,ASP,sidechain,SYSTEM,9,ASP,sidechain,2.7929066381136898
SYSTEM,160,ASP,sidechain,SYSTEM,19,ARG,sidechain,0.011911248923075143
SYSTEM,160,ASP,sidechain,SYSTEM,49,LYS,sidechain,8.412398665653376
SYSTEM,161,CYS,sidechain,SYSTEM,8,PHE,sidechain,2.353901321046634
SYSTEM,161,CYS,sidechain,SYSTEM,40,SER,sidechain,1.0406301158800888
SYSTEM,161,CYS,sidechain,SYSTEM,49,LYS,sidechain,0.6682992110640871
SYSTEM,161,CYS,sidechain,SYSTEM,158,ILE,sidechain,2.125679078524507
SYSTEM,163,GLN,sidechain,SYSTEM,4,PRO,sidechain,0.7649709222309465
SYSTEM,163,GLN,sidechain,SYSTEM,6,VAL,sidechain,0.5443721955831697
SYSTEM,163,GLN,sidechain,SYSTEM,37,ARG,sidechain,10.233371296653914
SYSTEM,163,GLN,sidechain,SYSTEM,41,THR,sidechain,3.4002093820784296
SYSTEM,164,LEU,sidechain,SYSTEM,4,PRO,sidechain,0.003648997692388884
SYSTEM,164,LEU,sidechain,SYSTEM,5,THR,sidechain,4.474235807030003
SYSTEM,164,LEU,sidechain,SYSTEM,7,PHE,sidechain,4.341181158083544
SYSTEM,164,LEU,sidechain,SYSTEM,19,ARG,sidechain,0.03374405575962452
SYSTEM,164,LEU,sidechain,SYSTEM,21,SER,sidechain,0.018351055709144633
